{"stats":{"minecraft:killed_by":{"minecraft:wither_skeleton":1,"alexsmobs:elephant":1,"grimoireofgaia:bone_knight":2,"undead_unleashed:haunter":1,"born_in_chaos_v1:dread_hound":1},"minecraft:crafted":{"minecraft:oak_door":6,"minecraft:crafting_table":2,"minecraft:air":5,"minecraft:oak_boat":1,"minecraft:stick":1},"minecraft:picked_up":{"minecraft:iron_chestplate":1,"minecraft:redstone_block":24,"minecraft:diamond_sword":1,"minecraft:gold_block":6,"minecraft:enchanted_book":2,"minecraft:shield":2,"minecraft:lapis_block":25,"minecraft:string":22,"minecraft:iron_axe":1,"goblins:goblin_meat":2,"minecraft:flint_and_steel":1,"minecraft:iron_leggings":1,"mysticalagriculture:inferium_essence":170,"minecraft:gold_nugget":1,"goblins:goblin_bomb":13,"minecraft:iron_nugget":14,"minecraft:iron_pickaxe":2,"minecraft:sugar_cane":7,"minecraft:chest":1,"minecraft:furnace":1,"minecraft:iron_boots":1,"minecraft:egg":1,"minecraft:golden_helmet":1,"minecraft:stick":19,"grimoireofgaia:meat":11,"born_in_chaos_v1:shattered_skull":1,"born_in_chaos_v1:pileof_dark_metal":1,"farmersdelight:tomato_seeds":1,"minecraft:pointed_dripstone":8,"tombstone:grave_dust":1,"born_in_chaos_v1:pieceofdarkmetal":3,"minecraft:redstone":9,"minecraft:golden_chestplate":1,"alexsmobs:centipede_leg":1,"minecraft:arrow":1,"minecraft:rotten_flesh":8,"grimoireofgaia:bag_book":3,"minecraft:iron_block":18,"alexsmobs:emu_egg":1,"minecraft:saddle":1,"evilcraft:condensed_blood":1,"minecraft:obsidian":21,"minecraft:cobblestone":395,"minecraft:enchanting_table":1,"born_in_chaos_v1:corpse_maggot":1,"minecraft:feather":1,"minecraft:jungle_log":320,"minecraft:leather":11,"minecraft:golden_leggings":1,"butchersdelight:deadpig":3,"minecraft:golden_boots":1,"minecraft:gunpowder":8,"scalinghealth:heart_crystal":10,"alexsmobs:mosquito_larva":4,"farmersdelight:tomato":1,"minecraft:dirt":24,"tombstone:gift":1,"minecraft:bone":46,"minecraft:wheat_seeds":12,"alexsmobs:cockroach_wing_fragment":2,"minecraft:cobweb":1,"tombstone:bag_of_seeds":2,"minecraft:iron_sword":1,"minecraft:acacia_sapling":1,"scalinghealth:heart_crystal_shard":2,"minecraft:dripstone_block":9,"minecraft:sand":1,"dynamictrees:acacia_seed":3,"undead_unleashed:grave_metal_scrap":1,"minecraft:grass_block":3,"minecraft:dead_bush":1,"alexsmobs:animal_dictionary":1,"minecraft:mossy_cobblestone":2,"minecraft:diamond":6,"immersiveengineering:seed":4,"minecraft:iron_helmet":1,"evilcraft:dark_gem":64,"minecraft:granite":1,"minecraft:diamond_axe":1,"minecraft:horse_spawn_egg":1,"minecraft:bread":128,"minecraft:emerald":5,"alexsmobs:maggot":2,"tombstone:magic_scroll":2,"minecraft:diamond_pickaxe":1},"minecraft:killed":{"grimoireofgaia:satyress":4,"born_in_chaos_v1:skeleton_demoman":1,"minecraft:spider":1,"born_in_chaos_v1:maggot":6,"grimoireofgaia:orc":3,"grimoireofgaia:goblin":5,"minecraft:skeleton":1,"mowziesmobs:umvuthana_crane_player":2,"born_in_chaos_v1:skeleton_thrasher":1,"goblins:bomber_goblin":2,"thermal:blitz":1,"mowziesmobs:umvuthana":1,"hmag:ghost":1,"mowziesmobs:umvuthana_follower_player":2,"minecraft:zombie_villager":1,"born_in_chaos_v1:baby_skeleton":1,"grimoireofgaia:bone_knight":1,"alexsmobs:rhinoceros":2,"minecraft:creeper":1,"born_in_chaos_v1:decrepit_skeleton":3,"vampirism:hunter":2,"minecraft:pillager":1,"minecraft:zombie":3,"alexsmobs:elephant":2,"grimoireofgaia:harpy":2,"undead_unleashed:haunter":1,"born_in_chaos_v1:door_knight":1},"minecraft:mined":{"minecraft:candle":2,"minecraft:granite":1,"minecraft:grass_block":4,"butchersdelight:deadpigblock":1,"mysticalagriculture:inferium_ore":11,"minecraft:furnace":1,"minecraft:stone":2,"minecraft:dandelion":1,"dynamictrees:acacia_leaves":3,"minecraft:tall_grass":11,"minecraft:cobblestone":6,"farmersdelight:wild_tomatoes":1,"minecraft:sugar_cane":2,"minecraft:grass":54,"minecraft:dripstone_block":9,"minecraft:dirt":13},"minecraft:dropped":{"farmersdelight:tomato_seeds":1,"minecraft:bread":128,"minecraft:iron_sword":1,"minecraft:wheat_seeds":7,"minecraft:diamond_axe":1,"minecraft:mossy_cobblestone":2,"minecraft:feather":1,"minecraft:iron_helmet":2,"minecraft:cobblestone":129,"minecraft:leather":11,"minecraft:granite":1,"evilcraft:dark_gem":64,"minecraft:grass_block":3,"minecraft:coal":65,"minecraft:gold_block":3,"minecraft:cobweb":1,"scalinghealth:heart_crystal":7,"tombstone:grave_dust":3,"minecraft:dead_bush":1,"minecraft:iron_leggings":2,"minecraft:gold_nugget":1,"minecraft:sand":1,"minecraft:iron_axe":1,"minecraft:iron_pickaxe":1,"minecraft:iron_shovel":1,"minecraft:string":16,"butchersdelight:deadpig":2,"dynamictrees:acacia_seed":2,"minecraft:lapis_block":25,"minecraft:redstone_block":24,"minecraft:bone":17,"minecraft:oak_door":5,"minecraft:iron_nugget":4,"alexsmobs:animal_dictionary":1,"minecraft:obsidian":10,"minecraft:oak_planks":128,"minecraft:iron_boots":2,"sophisticatedbackpacks:backpack":1,"grimoireofgaia:bone_shield":1,"sophisticatedbackpacks:diamond_backpack":1,"minecraft:diamond_sword":1,"goblins:goblin_bomb":10,"minecraft:shield":1,"minecraft:diamond_pickaxe":1,"minecraft:iron_chestplate":2,"mysticalagriculture:inferium_essence":128,"minecraft:acacia_sapling":1,"grimoireofgaia:meat":2,"minecraft:enchanting_table":1},"minecraft:used":{"grimoireofgaia:bone_shield":1,"minecraft:red_sand":1,"minecraft:chest":2,"minecraft:shield":24,"minecraft:oak_door":1,"minecraft:dirt":15,"scalinghealth:heart_crystal":3,"born_in_chaos_v1:corpse_maggot":1,"alexsmobs:maggot":2,"farmersdelight:tomato":1,"minecraft:iron_axe":33,"minecraft:bedrock":9,"goblins:goblin_meat":2,"tombstone:gift":6,"grimoireofgaia:meat":9,"minecraft:water_bucket":63,"minecraft:crafting_table":2,"minecraft:bread":19,"minecraft:iron_pickaxe":30,"dynamictrees:acacia_seed":1,"tombstone:grave_key":1,"minecraft:diamond_sword":224,"minecraft:cobblestone":6,"minecraft:bucket":63,"minecraft:oak_boat":1},"minecraft:broken":{"minecraft:chainmail_leggings":1,"minecraft:chainmail_helmet":1,"minecraft:chainmail_boots":1,"minecraft:chainmail_chestplate":1},"minecraft:custom":{"minecraft:mob_kills":54,"minecraft:interact_with_crafting_table":10,"minecraft:open_barrel":3,"minecraft:damage_dealt_resisted":360,"minecraft:leave_game":2,"minecraft:time_since_death":3086,"minecraft:climb_one_cm":671,"minecraft:sprint_one_cm":305205,"minecraft:walk_one_cm":176846,"minecraft:damage_blocked_by_shield":706,"minecraft:drop":65,"minecraft:talked_to_villager":2,"minecraft:play_time":190556,"minecraft:deaths":6,"minecraft:sneak_time":3021,"minecraft:walk_under_water_one_cm":7522,"minecraft:boat_one_cm":4834,"minecraft:jump":3027,"minecraft:walk_on_water_one_cm":11824,"minecraft:total_world_time":190556,"minecraft:interact_with_furnace":1,"tombstone:raider_killed":1,"minecraft:time_since_rest":1822,"minecraft:damage_taken":24004,"minecraft:damage_dealt":18591,"minecraft:swim_one_cm":56712,"minecraft:fly_one_cm":804787,"minecraft:open_chest":21,"minecraft:crouch_one_cm":4112,"tombstone:undead_killed":15,"minecraft:fall_one_cm":87415}},"DataVersion":3120}