{"stats":{"minecraft:killed_by":{"minecraft:wither_skeleton":1},"minecraft:picked_up":{"minecraft:golden_helmet":1,"minecraft:enchanting_table":1,"minecraft:iron_chestplate":1,"minecraft:redstone_block":24,"minecraft:jungle_log":320,"minecraft:leather":11,"minecraft:golden_leggings":1,"minecraft:diamond_sword":1,"minecraft:gold_block":6,"minecraft:golden_boots":1,"minecraft:grass_block":1,"scalinghealth:heart_crystal":7,"minecraft:lapis_block":25,"minecraft:golden_chestplate":1,"minecraft:dirt":1,"minecraft:iron_axe":1,"minecraft:iron_leggings":1,"mysticalagriculture:inferium_essence":128,"evilcraft:dark_gem":64,"minecraft:iron_helmet":1,"minecraft:iron_block":18,"minecraft:diamond_axe":1,"minecraft:saddle":1,"minecraft:horse_spawn_egg":1,"minecraft:bread":128,"minecraft:iron_pickaxe":2,"minecraft:iron_sword":1,"minecraft:obsidian":10,"minecraft:cobblestone":384,"minecraft:iron_boots":1,"minecraft:diamond_pickaxe":1},"minecraft:dropped":{"minecraft:gold_block":3,"minecraft:diamond_sword":1,"minecraft:bread":128,"minecraft:iron_sword":1,"minecraft:diamond_axe":1,"scalinghealth:heart_crystal":7,"minecraft:diamond_pickaxe":1,"minecraft:iron_chestplate":2,"mysticalagriculture:inferium_essence":128,"minecraft:obsidian":10,"minecraft:iron_helmet":2,"minecraft:cobblestone":128,"minecraft:iron_leggings":2,"minecraft:oak_planks":128,"minecraft:iron_boots":2,"minecraft:leather":11,"minecraft:iron_axe":1,"evilcraft:dark_gem":64,"minecraft:iron_pickaxe":1,"minecraft:iron_shovel":1,"minecraft:grass_block":1,"sophisticatedbackpacks:diamond_backpack":1,"minecraft:coal":65,"minecraft:enchanting_table":1,"minecraft:lapis_block":25,"minecraft:redstone_block":24},"minecraft:used":{"minecraft:chest":2,"minecraft:bedrock":9},"minecraft:custom":{"minecraft:time_since_rest":21685,"minecraft:sprint_one_cm":15752,"minecraft:damage_taken":270,"minecraft:walk_one_cm":16112,"minecraft:drop":35,"minecraft:fly_one_cm":44183,"minecraft:open_chest":11,"minecraft:crouch_one_cm":542,"minecraft:play_time":25122,"minecraft:deaths":1,"minecraft:sneak_time":1133,"minecraft:jump":103,"minecraft:leave_game":1,"minecraft:walk_on_water_one_cm":142,"minecraft:time_since_death":24084,"minecraft:total_world_time":25122,"minecraft:fall_one_cm":457}},"DataVersion":3120}