{"stats":{"minecraft:killed_by":{"minecraft:wither_skeleton":1},"minecraft:crafted":{"minecraft:crafting_table":1,"minecraft:oak_boat":1},"minecraft:picked_up":{"minecraft:enchanting_table":1,"minecraft:iron_chestplate":1,"minecraft:redstone_block":24,"minecraft:jungle_log":320,"minecraft:leather":11,"minecraft:golden_leggings":1,"minecraft:diamond_sword":1,"minecraft:gold_block":6,"butchersdelight:deadpig":3,"minecraft:golden_boots":1,"minecraft:shield":1,"minecraft:gunpowder":5,"scalinghealth:heart_crystal":8,"minecraft:lapis_block":25,"minecraft:dirt":12,"minecraft:string":20,"minecraft:iron_axe":1,"goblins:goblin_meat":1,"minecraft:iron_leggings":1,"minecraft:bone":36,"minecraft:wheat_seeds":3,"mysticalagriculture:inferium_essence":128,"goblins:goblin_bomb":13,"minecraft:iron_pickaxe":2,"minecraft:iron_sword":1,"minecraft:iron_boots":1,"minecraft:furnace":1,"minecraft:golden_helmet":1,"minecraft:stick":18,"undead_unleashed:grave_metal_scrap":1,"minecraft:dead_bush":1,"minecraft:grass_block":3,"minecraft:redstone":9,"minecraft:golden_chestplate":1,"minecraft:mossy_cobblestone":2,"minecraft:arrow":1,"minecraft:rotten_flesh":4,"minecraft:diamond":6,"evilcraft:dark_gem":64,"minecraft:iron_helmet":1,"minecraft:iron_block":18,"minecraft:diamond_axe":1,"minecraft:saddle":1,"minecraft:horse_spawn_egg":1,"minecraft:emerald":5,"minecraft:bread":128,"evilcraft:condensed_blood":1,"tombstone:magic_scroll":1,"minecraft:obsidian":21,"minecraft:cobblestone":387,"minecraft:diamond_pickaxe":1},"minecraft:mined":{"minecraft:candle":1,"minecraft:grass_block":2,"minecraft:tall_grass":4,"butchersdelight:deadpigblock":1,"minecraft:furnace":1,"minecraft:grass":4,"minecraft:dirt":2},"minecraft:killed":{"hmag:ghost":1,"born_in_chaos_v1:decrepit_skeleton":3,"minecraft:skeleton":1,"goblins:bomber_goblin":1},"minecraft:dropped":{"minecraft:bread":128,"minecraft:iron_sword":1,"minecraft:diamond_axe":1,"minecraft:obsidian":10,"minecraft:iron_helmet":2,"minecraft:cobblestone":129,"minecraft:oak_planks":128,"minecraft:iron_boots":2,"minecraft:leather":11,"sophisticatedbackpacks:backpack":1,"evilcraft:dark_gem":64,"minecraft:grass_block":3,"sophisticatedbackpacks:diamond_backpack":1,"minecraft:coal":65,"minecraft:gold_block":3,"minecraft:diamond_sword":1,"minecraft:shield":1,"scalinghealth:heart_crystal":7,"minecraft:iron_chestplate":2,"minecraft:diamond_pickaxe":1,"mysticalagriculture:inferium_essence":128,"minecraft:iron_leggings":2,"minecraft:iron_axe":1,"minecraft:iron_pickaxe":1,"minecraft:iron_shovel":1,"butchersdelight:deadpig":2,"minecraft:string":16,"minecraft:enchanting_table":1,"minecraft:lapis_block":25,"minecraft:redstone_block":24,"minecraft:bone":16},"minecraft:used":{"minecraft:red_sand":1,"minecraft:chest":2,"minecraft:dirt":3,"scalinghealth:heart_crystal":1,"minecraft:crafting_table":1,"minecraft:bread":2,"minecraft:iron_pickaxe":1,"minecraft:bedrock":9,"minecraft:diamond_sword":31,"minecraft:oak_boat":1},"minecraft:custom":{"minecraft:interact_with_furnace":1,"minecraft:mob_kills":6,"minecraft:interact_with_crafting_table":1,"minecraft:open_barrel":3,"minecraft:leave_game":2,"minecraft:time_since_death":123518,"minecraft:climb_one_cm":386,"minecraft:time_since_rest":121119,"minecraft:sprint_one_cm":102982,"minecraft:damage_taken":459,"minecraft:walk_one_cm":59509,"minecraft:drop":44,"minecraft:damage_dealt":1960,"minecraft:swim_one_cm":5043,"minecraft:fly_one_cm":288031,"minecraft:open_chest":19,"minecraft:crouch_one_cm":1282,"minecraft:play_time":124556,"tombstone:undead_killed":5,"minecraft:deaths":1,"minecraft:sneak_time":1499,"minecraft:walk_under_water_one_cm":256,"minecraft:boat_one_cm":4834,"minecraft:jump":953,"minecraft:walk_on_water_one_cm":910,"minecraft:total_world_time":124556,"minecraft:fall_one_cm":20696}},"DataVersion":3120}