{"stats":{"minecraft:killed_by":{"undead_unleashed:haunter":1,"minecraft:wither_skeleton":1,"born_in_chaos_v1:dread_hound":1},"minecraft:crafted":{"minecraft:oak_door":6,"minecraft:crafting_table":2,"minecraft:air":1,"minecraft:oak_boat":1},"minecraft:picked_up":{"minecraft:enchanting_table":1,"minecraft:iron_chestplate":1,"minecraft:redstone_block":24,"minecraft:jungle_log":320,"minecraft:leather":11,"minecraft:golden_leggings":1,"minecraft:diamond_sword":1,"minecraft:gold_block":6,"minecraft:enchanted_book":2,"butchersdelight:deadpig":3,"minecraft:golden_boots":1,"minecraft:shield":1,"minecraft:gunpowder":6,"alexsmobs:mosquito_larva":4,"scalinghealth:heart_crystal":9,"minecraft:lapis_block":25,"minecraft:dirt":17,"minecraft:string":20,"minecraft:iron_axe":1,"minecraft:flint_and_steel":1,"goblins:goblin_meat":1,"minecraft:iron_leggings":1,"minecraft:bone":42,"minecraft:wheat_seeds":11,"mysticalagriculture:inferium_essence":131,"alexsmobs:cockroach_wing_fragment":2,"goblins:goblin_bomb":13,"minecraft:cobweb":1,"tombstone:bag_of_seeds":2,"minecraft:iron_nugget":4,"minecraft:iron_pickaxe":2,"minecraft:chest":1,"minecraft:egg":1,"minecraft:iron_sword":1,"minecraft:acacia_sapling":1,"minecraft:iron_boots":1,"minecraft:furnace":1,"minecraft:golden_helmet":1,"minecraft:stick":19,"grimoireofgaia:meat":5,"minecraft:sand":1,"born_in_chaos_v1:pileof_dark_metal":1,"undead_unleashed:grave_metal_scrap":1,"minecraft:dead_bush":1,"minecraft:grass_block":3,"minecraft:redstone":9,"alexsmobs:centipede_leg":1,"minecraft:golden_chestplate":1,"alexsmobs:animal_dictionary":1,"minecraft:mossy_cobblestone":2,"immersiveengineering:seed":3,"grimoireofgaia:bag_book":3,"minecraft:arrow":1,"minecraft:rotten_flesh":7,"minecraft:diamond":6,"evilcraft:dark_gem":64,"minecraft:iron_helmet":1,"alexsmobs:emu_egg":1,"minecraft:iron_block":18,"minecraft:diamond_axe":1,"minecraft:saddle":1,"minecraft:horse_spawn_egg":1,"minecraft:emerald":5,"minecraft:bread":128,"alexsmobs:maggot":2,"evilcraft:condensed_blood":1,"tombstone:magic_scroll":1,"minecraft:obsidian":21,"minecraft:cobblestone":393,"minecraft:diamond_pickaxe":1},"minecraft:mined":{"minecraft:candle":1,"minecraft:dandelion":1,"dynamictrees:acacia_leaves":3,"minecraft:grass_block":3,"minecraft:cobblestone":6,"minecraft:tall_grass":9,"butchersdelight:deadpigblock":1,"minecraft:furnace":1,"minecraft:grass":26,"minecraft:dirt":6},"minecraft:killed":{"hmag:ghost":1,"born_in_chaos_v1:skeleton_demoman":1,"born_in_chaos_v1:decrepit_skeleton":3,"vampirism:hunter":2,"grimoireofgaia:orc":3,"grimoireofgaia:goblin":1,"minecraft:skeleton":1,"minecraft:zombie":2,"alexsmobs:elephant":1,"undead_unleashed:haunter":1,"mowziesmobs:umvuthana":1,"goblins:bomber_goblin":1,"thermal:blitz":1},"minecraft:dropped":{"minecraft:oak_door":5,"minecraft:bread":128,"minecraft:iron_sword":1,"minecraft:wheat_seeds":7,"minecraft:diamond_axe":1,"minecraft:iron_nugget":4,"minecraft:obsidian":10,"minecraft:iron_helmet":2,"minecraft:cobblestone":129,"minecraft:oak_planks":128,"minecraft:iron_boots":2,"minecraft:leather":11,"sophisticatedbackpacks:backpack":1,"evilcraft:dark_gem":64,"minecraft:grass_block":3,"sophisticatedbackpacks:diamond_backpack":1,"minecraft:coal":65,"minecraft:gold_block":3,"minecraft:diamond_sword":1,"minecraft:shield":1,"scalinghealth:heart_crystal":7,"minecraft:iron_chestplate":2,"minecraft:diamond_pickaxe":1,"mysticalagriculture:inferium_essence":128,"tombstone:grave_dust":1,"minecraft:iron_leggings":2,"minecraft:iron_axe":1,"grimoireofgaia:meat":2,"minecraft:iron_pickaxe":1,"minecraft:iron_shovel":1,"butchersdelight:deadpig":2,"minecraft:string":16,"minecraft:enchanting_table":1,"minecraft:lapis_block":25,"minecraft:redstone_block":24,"minecraft:bone":16},"minecraft:used":{"minecraft:water_bucket":60,"minecraft:red_sand":1,"minecraft:chest":2,"minecraft:shield":4,"minecraft:oak_door":1,"minecraft:dirt":6,"scalinghealth:heart_crystal":2,"minecraft:crafting_table":2,"minecraft:iron_axe":12,"minecraft:bread":7,"minecraft:iron_pickaxe":7,"tombstone:grave_key":1,"goblins:goblin_meat":1,"minecraft:bedrock":9,"minecraft:diamond_sword":96,"minecraft:cobblestone":6,"minecraft:bucket":60,"grimoireofgaia:meat":2,"tombstone:gift":3,"minecraft:oak_boat":1},"minecraft:broken":{"minecraft:chainmail_chestplate":1,"minecraft:chainmail_leggings":1,"minecraft:chainmail_helmet":1,"minecraft:chainmail_boots":1},"minecraft:custom":{"minecraft:interact_with_furnace":1,"minecraft:mob_kills":19,"minecraft:interact_with_crafting_table":2,"minecraft:open_barrel":3,"minecraft:damage_dealt_resisted":48,"minecraft:leave_game":2,"minecraft:time_since_death":7223,"minecraft:climb_one_cm":671,"minecraft:time_since_rest":7053,"minecraft:sprint_one_cm":164400,"minecraft:damage_taken":20860,"minecraft:walk_one_cm":96998,"minecraft:damage_blocked_by_shield":118,"minecraft:drop":50,"minecraft:damage_dealt":6738,"minecraft:talked_to_villager":2,"minecraft:swim_one_cm":48703,"minecraft:fly_one_cm":466068,"minecraft:open_chest":21,"minecraft:crouch_one_cm":1705,"minecraft:play_time":154556,"tombstone:undead_killed":9,"minecraft:deaths":3,"minecraft:sneak_time":2232,"minecraft:walk_under_water_one_cm":4551,"minecraft:boat_one_cm":4834,"minecraft:jump":1655,"minecraft:walk_on_water_one_cm":5173,"minecraft:total_world_time":154556,"minecraft:fall_one_cm":46021}},"DataVersion":3120}