{"stats":{"minecraft:killed_by":{"minecraft:wither_skeleton":1},"minecraft:picked_up":{"minecraft:gold_block":3,"minecraft:grass_block":1,"minecraft:cobblestone":64},"minecraft:dropped":{"minecraft:gold_block":3,"minecraft:cobblestone":64,"minecraft:grass_block":1},"minecraft:used":{"minecraft:chest":2},"minecraft:custom":{"minecraft:open_chest":8,"minecraft:time_since_rest":9685,"minecraft:crouch_one_cm":520,"minecraft:play_time":13122,"minecraft:sprint_one_cm":14222,"minecraft:deaths":1,"minecraft:damage_taken":270,"minecraft:walk_one_cm":7961,"minecraft:sneak_time":1110,"minecraft:drop":3,"minecraft:jump":78,"minecraft:leave_game":1,"minecraft:time_since_death":12084,"minecraft:walk_on_water_one_cm":48,"minecraft:total_world_time":13122,"minecraft:fall_one_cm":457,"minecraft:fly_one_cm":43039}},"DataVersion":3120}