{"stats":{"minecraft:killed_by":{"minecraft:player":4,"minecraft:wither_skeleton":1,"alexsmobs:elephant":1,"grimoireofgaia:arachne":1,"grimoireofgaia:bone_knight":2,"undead_unleashed:haunter":1,"minecraft:skeleton":2,"grimoireofgaia:harpy":1,"born_in_chaos_v1:dread_hound":1},"minecraft:crafted":{"minecraft:oak_door":6,"born_in_chaos_v1:fried_maggot":3,"minecraft:stone_hoe":1,"minecraft:crafting_table":3,"minecraft:birch_planks":8,"minecraft:air":13,"minecraft:oak_boat":1,"minecraft:shield":1,"minecraft:stick":37,"minecraft:iron_pickaxe":1,"minecraft:iron_ingot":5,"minecraft:iron_shovel":1,"minecraft:acacia_planks":2},"minecraft:picked_up":{"minecraft:crafting_table":1,"minecraft:iron_chestplate":1,"minecraft:redstone_block":24,"minecraft:flower_pot":1,"thermal:cinnabar":4,"minecraft:diamond_sword":1,"minecraft:gold_block":6,"minecraft:enchanted_book":2,"minecraft:shield":2,"minecraft:raw_copper":8,"minecraft:lapis_block":25,"thermal:raw_nickel":2,"minecraft:string":24,"minecraft:iron_axe":1,"goblins:goblin_meat":2,"minecraft:flint_and_steel":1,"minecraft:iron_leggings":1,"thermal:sulfur":16,"mysticalagriculture:inferium_essence":282,"minecraft:gold_nugget":2,"goblins:goblin_bomb":13,"minecraft:oak_boat":2,"thermal:niter":22,"minecraft:iron_nugget":15,"minecraft:iron_pickaxe":2,"minecraft:sugar_cane":7,"minecraft:chest":1,"minecraft:jungle_door":1,"minecraft:raw_iron":23,"minecraft:furnace":2,"minecraft:iron_boots":2,"minecraft:egg":1,"minecraft:golden_helmet":1,"minecraft:stick":19,"grimoireofgaia:meat":11,"born_in_chaos_v1:shattered_skull":1,"minecraft:torch":1,"thermal:raw_lead":1,"minecraft:acacia_log":2,"artifacts:vampiric_glove":1,"born_in_chaos_v1:pileof_dark_metal":1,"werewolves:raw_silver":50,"farmersdelight:tomato_seeds":1,"minecraft:diorite":7,"quark:birch_chest":1,"minecraft:pointed_dripstone":8,"tombstone:grave_dust":1,"vampirism:vampire_fang":1,"born_in_chaos_v1:pieceofdarkmetal":4,"minecraft:redstone":45,"minecraft:golden_chestplate":1,"alexsmobs:centipede_leg":1,"minecraft:arrow":6,"minecraft:rotten_flesh":10,"grimoireofgaia:bag_book":3,"born_in_chaos_v1:wood_splitter_axe":1,"minecraft:iron_block":18,"alexsmobs:emu_egg":1,"minecraft:saddle":1,"evilcraft:condensed_blood":1,"minecraft:obsidian":21,"minecraft:cobblestone":433,"minecraft:birch_log":2,"minecraft:enchanting_table":1,"born_in_chaos_v1:corpse_maggot":4,"minecraft:feather":3,"born_in_chaos_v1:monster_flesh":1,"minecraft:andesite":5,"minecraft:jungle_log":320,"minecraft:leather":11,"minecraft:golden_leggings":1,"minecraft:potato":1,"butchersdelight:deadpig":3,"additional_lights:fire_for_standing_torch_s":2,"minecraft:golden_boots":1,"minecraft:gunpowder":8,"scalinghealth:heart_crystal":15,"alexsmobs:mosquito_larva":4,"minecraft:lapis_lazuli":1,"farmersdelight:tomato":1,"minecraft:dirt":155,"minecraft:paper":6,"tombstone:gift":1,"born_in_chaos_v1:monster_skin":1,"minecraft:bone":54,"minecraft:wheat_seeds":16,"minecraft:raw_gold":11,"alexsmobs:cockroach_wing_fragment":2,"minecraft:cobweb":1,"securitycraft:universal_block_reinforcer_lvl1":1,"tombstone:bag_of_seeds":2,"minecraft:iron_sword":1,"minecraft:acacia_sapling":1,"thermal:raw_tin":8,"scalinghealth:heart_crystal_shard":8,"minecraft:dripstone_block":9,"minecraft:gravel":5,"minecraft:sand":1,"dynamictrees:acacia_seed":3,"undead_unleashed:grave_metal_scrap":3,"minecraft:grass_block":3,"minecraft:dead_bush":2,"minecraft:barrel":4,"alexsmobs:animal_dictionary":1,"minecraft:mossy_cobblestone":2,"securitycraft:universal_block_remover":1,"minecraft:diamond":6,"immersiveengineering:seed":10,"minecraft:iron_helmet":1,"evilcraft:dark_gem":73,"minecraft:granite":1,"minecraft:diamond_axe":1,"butchersdelight:deadllama":2,"undead_unleashed:grave_metal_axe":1,"minecraft:horse_spawn_egg":1,"minecraft:bread":128,"minecraft:emerald":5,"alexsmobs:maggot":2,"tombstone:magic_scroll":2,"minecraft:coal":59,"minecraft:diamond_pickaxe":1},"minecraft:mined":{"thermal:cinnabar_ore":2,"minecraft:candle":2,"thermal:sulfur_ore":4,"born_in_chaos_v1:infected_diamond_ore":1,"thermal:tin_ore":8,"minecraft:potted_dead_bush":1,"minecraft:granite":1,"minecraft:grass_block":62,"butchersdelight:deadpigblock":1,"mysticalagriculture:inferium_ore":46,"minecraft:redstone_ore":8,"minecraft:furnace":2,"immersiveengineering:hemp":5,"minecraft:barrel":4,"minecraft:iron_ore":20,"minecraft:andesite":5,"evilcraft:dark_ore":2,"minecraft:stone":26,"thermal:lead_ore":1,"minecraft:dandelion":1,"minecraft:crafting_table":1,"dynamictrees:acacia_leaves":3,"minecraft:tall_grass":15,"minecraft:cobblestone":12,"minecraft:deepslate_gold_ore":5,"farmersdelight:wild_tomatoes":1,"minecraft:sugar_cane":2,"minecraft:diorite":8,"additional_lights:fire_for_standing_torch_s":2,"minecraft:wheat":2,"thermal:niter_ore":5,"minecraft:grass":70,"quark:birch_chest":1,"minecraft:coal_ore":40,"werewolves:deepslate_silver_ore":2,"minecraft:gravel":4,"minecraft:dripstone_block":9,"minecraft:dirt":86,"tconstruct:crafting_station":1,"thermal:nickel_ore":2,"minecraft:deepslate":1,"werewolves:silver_ore":48},"minecraft:killed":{"vampirism:vampire":1,"minecraft:cave_spider":1,"grimoireofgaia:satyress":4,"born_in_chaos_v1:zombie_lumberjack":1,"born_in_chaos_v1:skeleton_demoman":1,"minecraft:spider":1,"born_in_chaos_v1:maggot":8,"grimoireofgaia:orc":3,"grimoireofgaia:goblin":5,"minecraft:skeleton":7,"mowziesmobs:umvuthana_crane_player":2,"born_in_chaos_v1:skeleton_thrasher":1,"goblins:bomber_goblin":2,"thermal:blitz":1,"mowziesmobs:umvuthana":1,"grimoireofgaia:flesh_lich":1,"hmag:ghost":2,"born_in_chaos_v1:diamond_termite":1,"mowziesmobs:umvuthana_follower_player":2,"minecraft:zombie_villager":2,"born_in_chaos_v1:baby_skeleton":1,"grimoireofgaia:bone_knight":1,"born_in_chaos_v1:spirit_guide_assistant":1,"alexsmobs:rhinoceros":3,"minecraft:creeper":1,"born_in_chaos_v1:decrepit_skeleton":3,"vampirism:hunter":2,"minecraft:pillager":1,"minecraft:zombie":5,"alexsmobs:elephant":2,"born_in_chaos_v1:dread_hound":1,"born_in_chaos_v1:corpse_fly":1,"grimoireofgaia:deathword":1,"grimoireofgaia:harpy":3,"undead_unleashed:haunter":1,"born_in_chaos_v1:door_knight":1,"minecraft:enderman":1},"minecraft:dropped":{"farmersdelight:tomato_seeds":1,"minecraft:bread":128,"minecraft:iron_sword":1,"minecraft:wheat_seeds":7,"minecraft:diamond_axe":1,"minecraft:mossy_cobblestone":2,"minecraft:feather":1,"minecraft:iron_helmet":2,"minecraft:cobblestone":129,"minecraft:leather":11,"minecraft:granite":1,"evilcraft:dark_gem":64,"minecraft:grass_block":3,"minecraft:coal":73,"minecraft:gold_block":3,"minecraft:cobweb":1,"scalinghealth:heart_crystal":7,"tombstone:grave_dust":3,"minecraft:dead_bush":1,"minecraft:iron_leggings":2,"minecraft:gold_nugget":1,"minecraft:sand":1,"minecraft:iron_axe":1,"minecraft:iron_pickaxe":1,"minecraft:iron_shovel":1,"minecraft:string":16,"butchersdelight:deadpig":2,"dynamictrees:acacia_seed":2,"minecraft:lapis_block":25,"minecraft:redstone_block":24,"minecraft:bone":19,"minecraft:oak_door":5,"minecraft:iron_nugget":4,"alexsmobs:animal_dictionary":1,"minecraft:obsidian":10,"minecraft:oak_planks":128,"minecraft:iron_boots":2,"sophisticatedbackpacks:backpack":1,"grimoireofgaia:bone_shield":1,"sophisticatedbackpacks:diamond_backpack":1,"securitycraft:universal_block_remover":1,"minecraft:diamond_sword":1,"goblins:goblin_bomb":10,"minecraft:shield":1,"minecraft:diamond_pickaxe":1,"minecraft:iron_chestplate":2,"mysticalagriculture:inferium_essence":128,"minecraft:acacia_sapling":1,"grimoireofgaia:meat":2,"minecraft:enchanting_table":1},"minecraft:used":{"grimoireofgaia:bone_shield":1,"minecraft:red_sand":1,"minecraft:iron_shovel":124,"immersiveengineering:seed":10,"minecraft:chest":2,"minecraft:shield":56,"minecraft:stone_hoe":28,"born_in_chaos_v1:fried_maggot":1,"minecraft:oak_door":1,"minecraft:torch":68,"minecraft:dirt":140,"scalinghealth:heart_crystal":8,"undead_unleashed:grave_metal_axe":21,"born_in_chaos_v1:corpse_maggot":1,"alexsmobs:maggot":2,"minecraft:lava_bucket":1,"farmersdelight:tomato":1,"minecraft:iron_axe":41,"minecraft:bedrock":9,"minecraft:bow":2,"goblins:goblin_meat":2,"minecraft:furnace":1,"tombstone:gift":6,"grimoireofgaia:meat":9,"minecraft:wheat_seeds":9,"minecraft:water_bucket":63,"minecraft:sugar_cane":3,"minecraft:crafting_table":3,"minecraft:bread":32,"minecraft:iron_pickaxe":258,"dynamictrees:acacia_seed":1,"tombstone:grave_key":1,"minecraft:diamond_sword":331,"minecraft:cobblestone":25,"additional_lights:fire_for_standing_torch_s":2,"minecraft:bucket":64,"born_in_chaos_v1:wood_splitter_axe":1,"minecraft:oak_boat":3},"minecraft:broken":{"minecraft:chainmail_leggings":1,"minecraft:iron_boots":1,"minecraft:chainmail_helmet":1,"minecraft:chainmail_boots":1,"minecraft:chainmail_chestplate":1,"minecraft:iron_pickaxe":1},"minecraft:custom":{"minecraft:mob_kills":78,"minecraft:interact_with_crafting_table":24,"minecraft:open_barrel":9,"minecraft:damage_dealt_resisted":637,"minecraft:leave_game":2,"minecraft:time_since_death":10041,"minecraft:climb_one_cm":671,"minecraft:sprint_one_cm":411548,"minecraft:walk_one_cm":326711,"minecraft:damage_blocked_by_shield":2134,"minecraft:drop":75,"minecraft:talked_to_villager":2,"minecraft:play_time":238556,"minecraft:deaths":14,"minecraft:sneak_time":5713,"minecraft:walk_under_water_one_cm":7804,"minecraft:boat_one_cm":4834,"minecraft:jump":4204,"minecraft:walk_on_water_one_cm":12397,"minecraft:total_world_time":238556,"minecraft:interact_with_furnace":17,"tombstone:raider_killed":1,"minecraft:time_since_rest":9962,"minecraft:damage_taken":39015,"minecraft:damage_dealt":27626,"minecraft:player_kills":2,"minecraft:swim_one_cm":56847,"minecraft:fly_one_cm":990962,"minecraft:open_chest":25,"minecraft:crouch_one_cm":13843,"tombstone:undead_killed":28,"minecraft:fall_one_cm":111889}},"DataVersion":3120}