{"stats":{"minecraft:killed_by":{"minecraft:wither_skeleton":1,"undead_unleashed:haunter":1,"born_in_chaos_v1:dread_hound":1},"minecraft:crafted":{"minecraft:oak_door":6,"minecraft:crafting_table":2,"minecraft:air":1,"minecraft:oak_boat":1},"minecraft:picked_up":{"minecraft:iron_chestplate":1,"minecraft:redstone_block":24,"minecraft:diamond_sword":1,"minecraft:gold_block":6,"minecraft:enchanted_book":2,"minecraft:shield":1,"minecraft:lapis_block":25,"minecraft:string":20,"minecraft:iron_axe":1,"goblins:goblin_meat":1,"minecraft:flint_and_steel":1,"minecraft:iron_leggings":1,"mysticalagriculture:inferium_essence":132,"goblins:goblin_bomb":13,"minecraft:iron_nugget":8,"minecraft:iron_pickaxe":2,"minecraft:chest":1,"minecraft:furnace":1,"minecraft:iron_boots":1,"minecraft:egg":1,"minecraft:golden_helmet":1,"minecraft:stick":19,"grimoireofgaia:meat":9,"born_in_chaos_v1:pileof_dark_metal":1,"minecraft:redstone":9,"minecraft:golden_chestplate":1,"alexsmobs:centipede_leg":1,"minecraft:arrow":1,"minecraft:rotten_flesh":7,"grimoireofgaia:bag_book":3,"minecraft:iron_block":18,"alexsmobs:emu_egg":1,"minecraft:saddle":1,"evilcraft:condensed_blood":1,"minecraft:obsidian":21,"minecraft:cobblestone":393,"minecraft:enchanting_table":1,"minecraft:jungle_log":320,"minecraft:leather":11,"minecraft:golden_leggings":1,"butchersdelight:deadpig":3,"minecraft:golden_boots":1,"minecraft:gunpowder":6,"scalinghealth:heart_crystal":10,"alexsmobs:mosquito_larva":4,"minecraft:dirt":23,"minecraft:bone":42,"minecraft:wheat_seeds":12,"alexsmobs:cockroach_wing_fragment":2,"minecraft:cobweb":1,"tombstone:bag_of_seeds":2,"minecraft:iron_sword":1,"minecraft:acacia_sapling":1,"minecraft:sand":1,"dynamictrees:acacia_seed":2,"undead_unleashed:grave_metal_scrap":1,"minecraft:grass_block":3,"minecraft:dead_bush":1,"alexsmobs:animal_dictionary":1,"minecraft:mossy_cobblestone":2,"minecraft:diamond":6,"immersiveengineering:seed":4,"minecraft:iron_helmet":1,"evilcraft:dark_gem":64,"minecraft:diamond_axe":1,"minecraft:horse_spawn_egg":1,"minecraft:bread":128,"minecraft:emerald":5,"alexsmobs:maggot":2,"tombstone:magic_scroll":1,"minecraft:diamond_pickaxe":1},"minecraft:killed":{"grimoireofgaia:satyress":2,"born_in_chaos_v1:skeleton_demoman":1,"grimoireofgaia:orc":3,"grimoireofgaia:goblin":3,"minecraft:skeleton":1,"goblins:bomber_goblin":1,"thermal:blitz":1,"mowziesmobs:umvuthana":1,"hmag:ghost":1,"born_in_chaos_v1:decrepit_skeleton":3,"vampirism:hunter":2,"minecraft:zombie":2,"alexsmobs:elephant":1,"undead_unleashed:haunter":1},"minecraft:mined":{"minecraft:candle":2,"minecraft:grass_block":4,"butchersdelight:deadpigblock":1,"minecraft:furnace":1,"minecraft:dandelion":1,"dynamictrees:acacia_leaves":3,"minecraft:tall_grass":11,"minecraft:cobblestone":6,"minecraft:grass":37,"minecraft:dirt":12},"minecraft:dropped":{"minecraft:bread":128,"minecraft:iron_sword":1,"minecraft:wheat_seeds":7,"minecraft:diamond_axe":1,"minecraft:iron_helmet":2,"minecraft:cobblestone":129,"minecraft:leather":11,"evilcraft:dark_gem":64,"minecraft:grass_block":3,"minecraft:coal":65,"minecraft:gold_block":3,"scalinghealth:heart_crystal":7,"tombstone:grave_dust":1,"minecraft:iron_leggings":2,"minecraft:iron_axe":1,"minecraft:iron_pickaxe":1,"minecraft:iron_shovel":1,"minecraft:string":16,"butchersdelight:deadpig":2,"minecraft:lapis_block":25,"minecraft:redstone_block":24,"minecraft:bone":16,"minecraft:oak_door":5,"minecraft:iron_nugget":4,"minecraft:obsidian":10,"minecraft:oak_planks":128,"minecraft:iron_boots":2,"sophisticatedbackpacks:backpack":1,"sophisticatedbackpacks:diamond_backpack":1,"minecraft:diamond_sword":1,"minecraft:shield":1,"minecraft:diamond_pickaxe":1,"minecraft:iron_chestplate":2,"mysticalagriculture:inferium_essence":128,"grimoireofgaia:meat":2,"minecraft:enchanting_table":1},"minecraft:used":{"minecraft:red_sand":1,"minecraft:chest":2,"minecraft:shield":4,"minecraft:oak_door":1,"minecraft:dirt":14,"scalinghealth:heart_crystal":3,"alexsmobs:maggot":2,"minecraft:iron_axe":13,"minecraft:bedrock":9,"goblins:goblin_meat":1,"tombstone:gift":3,"grimoireofgaia:meat":5,"minecraft:water_bucket":60,"minecraft:crafting_table":2,"minecraft:bread":10,"minecraft:iron_pickaxe":7,"tombstone:grave_key":1,"minecraft:diamond_sword":140,"minecraft:cobblestone":6,"minecraft:bucket":60,"minecraft:oak_boat":1},"minecraft:broken":{"minecraft:chainmail_leggings":1,"minecraft:chainmail_helmet":1,"minecraft:chainmail_boots":1,"minecraft:chainmail_chestplate":1},"minecraft:custom":{"minecraft:mob_kills":23,"minecraft:interact_with_crafting_table":2,"minecraft:open_barrel":3,"minecraft:damage_dealt_resisted":48,"minecraft:leave_game":2,"minecraft:time_since_death":19223,"minecraft:climb_one_cm":671,"minecraft:sprint_one_cm":211157,"minecraft:walk_one_cm":113138,"minecraft:damage_blocked_by_shield":118,"minecraft:drop":50,"minecraft:talked_to_villager":2,"minecraft:play_time":166556,"minecraft:deaths":3,"minecraft:sneak_time":2614,"minecraft:walk_under_water_one_cm":4742,"minecraft:boat_one_cm":4834,"minecraft:jump":2210,"minecraft:walk_on_water_one_cm":6728,"minecraft:total_world_time":166556,"minecraft:interact_with_furnace":1,"minecraft:time_since_rest":19053,"minecraft:damage_taken":21440,"minecraft:damage_dealt":8821,"minecraft:swim_one_cm":51504,"minecraft:fly_one_cm":614913,"minecraft:open_chest":21,"minecraft:crouch_one_cm":2739,"tombstone:undead_killed":9,"minecraft:fall_one_cm":69934}},"DataVersion":3120}