{"stats":{"minecraft:killed_by":{"minecraft:player":1,"born_in_chaos_v1:nightmare_stalker":1,"born_in_chaos_v1:skeleton_thrasher":1,"born_in_chaos_v1:baby_skeleton":1,"grimoireofgaia:flesh_lich":1},"minecraft:crafted":{"minecraft:oak_planks":5,"quark:birch_chest":1,"werewolves:silver_pickaxe":2,"minecraft:bone_meal":3,"thermal:silver_ingot":8,"minecraft:chest":2,"minecraft:golden_sword":1,"minecraft:wooden_shovel":3,"werewolves:silver_sword":1,"minecraft:crafting_table":4,"minecraft:wooden_pickaxe":1,"minecraft:golden_shovel":8,"minecraft:bucket":1,"minecraft:birch_planks":6,"minecraft:air":326,"minecraft:oak_boat":1,"quark:oak_chest":1,"minecraft:iron_ingot":20,"minecraft:wooden_axe":1,"minecraft:acacia_door":3,"minecraft:iron_shovel":1,"minecraft:gold_ingot":27,"minecraft:acacia_planks":27,"minecraft:torch":8},"minecraft:picked_up":{"minecraft:charcoal":2,"minecraft:crafting_table":6,"thermal:raw_silver":8,"minecraft:smithing_table":1,"quark:dark_oak_chest":2,"minecraft:red_bed":1,"minecraft:string":15,"minecraft:soul_soil":1,"minecraft:white_carpet":1,"minecraft:red_sand":120,"mysticalagriculture:inferium_essence":28,"minecraft:gold_nugget":2,"minecraft:cobbled_deepslate":61,"goblins:goblin_bomb":19,"minecraft:oak_boat":1,"born_in_chaos_v1:gnawed_bones":2,"minecraft:calcite":3,"minecraft:sugar_cane":2,"minecraft:chest":1,"minecraft:furnace":1,"minecraft:stick":130,"minecraft:raw_iron":37,"minecraft:torch":20,"mysticalagriculture:prosperity_shard":51,"minecraft:acacia_log":27,"sophisticatedbackpacks:backpack":1,"werewolves:raw_silver":4,"werewolves:wolfsbane":2,"minecraft:pointed_dripstone":4,"minecraft:redstone":126,"minecraft:tnt":4,"minecraft:rotten_flesh":3,"tconstruct:sky_slime_crystal":4,"minecraft:cactus":4,"quark:azalea_chest":2,"minecraft:cobblestone":143,"minecraft:birch_log":21,"born_in_chaos_v1:monster_flesh":14,"vampirism:item_tent":1,"minecraft:andesite":4,"minecraft:red_mushroom":9,"minecraft:flint":2,"butchersdelight:deadpig":1,"minecraft:oak_log":5,"minecraft:gunpowder":42,"tconstruct:sky_slime_crystal_block":54,"minecraft:dirt":534,"minecraft:lantern":3,"born_in_chaos_v1:monster_skin":11,"minecraft:bone":3,"minecraft:wheat_seeds":42,"minecraft:raw_gold":12,"dynamictrees:birch_seed":3,"minecraft:oak_planks":1,"vampirism:fire_place":1,"minecraft:gravel":6,"dynamictrees:acacia_seed":10,"undead_unleashed:grave_metal_scrap":2,"born_in_chaos_v1:fangofthe_hound_leader":2,"minecraft:dead_bush":16,"alexsmobs:animal_dictionary":1,"minecraft:mossy_cobblestone":10,"minecraft:diamond":2,"immersiveengineering:seed":36,"evilcraft:dark_gem":9,"minecraft:granite":11,"minecraft:bone_meal":4},"minecraft:killed":{"born_in_chaos_v1:restless_spirit":1,"minecraft:phantom":4,"born_in_chaos_v1:dire_hound_leader":1,"minecraft:zombie":3,"born_in_chaos_v1:dread_hound":8},"minecraft:mined":{"minecraft:tuff":5,"minecraft:mossy_cobblestone":1,"minecraft:deepslate_diamond_ore":2,"quark:azalea_chest":1,"tconstruct:sky_slime_crystal_block":56,"minecraft:glow_lichen":1,"minecraft:granite":17,"minecraft:red_sand":109,"minecraft:grass_block":280,"minecraft:soul_campfire":1,"tconstruct:small_sky_slime_crystal_bud":1,"born_in_chaos_v1:gnawed_bones":1,"tconstruct:large_sky_slime_crystal_bud":1,"mysticalagriculture:inferium_ore":8,"tconstruct:sky_slime_crystal_cluster":1,"minecraft:furnace":2,"minecraft:iron_ore":5,"minecraft:fire":1,"werewolves:wolfsbane":3,"minecraft:andesite":4,"evilcraft:dark_ore":1,"vampirism:tent":1,"minecraft:deepslate_iron_ore":32,"minecraft:dirt_path":2,"minecraft:lantern":2,"tconstruct:medium_sky_slime_crystal_bud":2,"minecraft:stone":141,"minecraft:smithing_table":1,"minecraft:deepslate_redstone_ore":14,"minecraft:red_bed":1,"quark:dark_oak_chest":2,"undead_unleashed:ancient_dirt":24,"minecraft:crafting_table":6,"minecraft:torch":7,"undead_unleashed:grave_soil":2,"minecraft:calcite":3,"minecraft:chest":1,"minecraft:dead_bush":23,"minecraft:campfire":1,"minecraft:copper_ore":4,"minecraft:tall_grass":5,"minecraft:cobblestone":10,"thermal:deepslate_lead_ore":2,"minecraft:lapis_ore":6,"minecraft:deepslate_gold_ore":17,"minecraft:sugar_cane":1,"minecraft:diorite":21,"minecraft:wall_torch":5,"tconstruct:budding_sky_slime_crystal":7,"minecraft:cactus":2,"evilcraft:dark_ore_deepslate":2,"thermal:deepslate_silver_ore":8,"minecraft:grass":81,"minecraft:coal_ore":1,"werewolves:deepslate_silver_ore":2,"evilcraft:blood_stain":1,"vampirism:fire_place":1,"minecraft:gravel":14,"minecraft:dripstone_block":8,"minecraft:dirt":251,"minecraft:cobweb":1,"thermal:nickel_ore":1,"mysticalagriculture:deepslate_prosperity_ore":20,"mysticalagriculture:deepslate_inferium_ore":1,"werewolves:silver_ore":2,"minecraft:deepslate":122,"minecraft:infested_stone":2},"minecraft:dropped":{"minecraft:bread":9,"dynamictrees:birch_seed":3,"minecraft:cobblestone":12,"minecraft:red_mushroom":9,"minecraft:stick":47,"minecraft:dirt":3,"tconstruct:materials_and_you":1,"minecraft:torch":4,"minecraft:dead_bush":16,"minecraft:gold_nugget":2,"werewolves:wolfsbane":2,"minecraft:cactus":4,"minecraft:gravel":6,"alexsmobs:animal_dictionary":1,"minecraft:cobbled_deepslate":36,"minecraft:pointed_dripstone":4,"minecraft:rotten_flesh":3,"quark:azalea_chest":2,"goblins:goblin_bomb":6,"minecraft:andesite":4,"minecraft:oak_boat":1},"minecraft:used":{"quark:birch_chest":1,"minecraft:iron_shovel":255,"werewolves:silver_sword":24,"minecraft:chest":3,"minecraft:wooden_shovel":132,"minecraft:torch":16,"minecraft:dirt":531,"werewolves:silver_pickaxe":200,"minecraft:golden_shovel":256,"minecraft:wooden_axe":41,"vampirism:item_tent":1,"minecraft:lava_bucket":1,"born_in_chaos_v1:gnawed_bones":1,"minecraft:golden_sword":31,"minecraft:furnace":1,"minecraft:water_bucket":41,"vampirism:fire_place":1,"minecraft:wooden_pickaxe":41,"minecraft:mossy_cobblestone":10,"minecraft:crafting_table":9,"minecraft:acacia_door":2,"minecraft:bread":4,"minecraft:iron_pickaxe":413,"quark:dark_oak_chest":2,"minecraft:cobblestone":178,"minecraft:bucket":43,"tconstruct:sky_slime_crystal_block":24,"quark:oak_chest":1,"minecraft:oak_boat":1},"minecraft:broken":{"minecraft:golden_helmet":1,"minecraft:iron_shovel":1,"minecraft:golden_boots":1,"minecraft:wooden_shovel":2,"minecraft:golden_shovel":8,"minecraft:golden_leggings":1,"minecraft:golden_sword":1,"minecraft:iron_pickaxe":2,"minecraft:wooden_axe":1,"minecraft:golden_chestplate":1},"minecraft:custom":{"minecraft:interact_with_smithing_table":1,"minecraft:mob_kills":18,"minecraft:interact_with_crafting_table":19,"minecraft:open_barrel":3,"minecraft:damage_dealt_resisted":269,"minecraft:leave_game":2,"minecraft:time_since_death":17837,"minecraft:sprint_one_cm":304461,"minecraft:walk_one_cm":319413,"minecraft:drop":35,"minecraft:play_time":142737,"minecraft:deaths":5,"minecraft:sneak_time":8312,"minecraft:walk_under_water_one_cm":50341,"minecraft:boat_one_cm":5475,"minecraft:jump":1650,"minecraft:walk_on_water_one_cm":46783,"minecraft:total_world_time":142737,"minecraft:interact_with_furnace":8,"minecraft:time_since_rest":15682,"minecraft:damage_taken":13055,"minecraft:damage_dealt":4116,"minecraft:swim_one_cm":3033,"minecraft:player_kills":1,"minecraft:fly_one_cm":262624,"minecraft:open_chest":9,"minecraft:crouch_one_cm":21995,"tombstone:undead_killed":3,"minecraft:fall_one_cm":57101}},"DataVersion":3120}