{"stats":{"minecraft:crafted":{"minecraft:oak_planks":5,"minecraft:wooden_shovel":2,"quark:birch_chest":1,"minecraft:crafting_table":2,"minecraft:bone_meal":3,"minecraft:bucket":1,"minecraft:birch_planks":6,"minecraft:air":325,"minecraft:oak_boat":1,"quark:oak_chest":1,"minecraft:iron_ingot":18,"minecraft:wooden_axe":1,"minecraft:chest":2,"minecraft:iron_shovel":1,"minecraft:gold_ingot":27,"minecraft:acacia_planks":27,"minecraft:torch":8},"minecraft:picked_up":{"minecraft:birch_log":21,"minecraft:charcoal":2,"minecraft:crafting_table":3,"vampirism:item_tent":1,"minecraft:red_mushroom":9,"butchersdelight:deadpig":1,"minecraft:oak_log":5,"quark:dark_oak_chest":2,"minecraft:gunpowder":42,"minecraft:dirt":10,"minecraft:string":14,"minecraft:lantern":2,"minecraft:white_carpet":1,"minecraft:bone":3,"minecraft:wheat_seeds":35,"mysticalagriculture:inferium_essence":2,"minecraft:red_sand":120,"minecraft:gold_nugget":2,"dynamictrees:birch_seed":3,"goblins:goblin_bomb":19,"minecraft:oak_boat":1,"minecraft:sugar_cane":1,"minecraft:chest":1,"minecraft:oak_planks":1,"minecraft:furnace":1,"minecraft:stick":83,"vampirism:fire_place":1,"minecraft:acacia_log":27,"sophisticatedbackpacks:backpack":1,"werewolves:wolfsbane":2,"dynamictrees:acacia_seed":10,"undead_unleashed:grave_metal_scrap":2,"minecraft:dead_bush":16,"minecraft:redstone":63,"minecraft:mossy_cobblestone":10,"minecraft:tnt":4,"minecraft:cactus":4,"immersiveengineering:seed":32,"minecraft:bone_meal":4,"minecraft:cobblestone":2},"minecraft:mined":{"quark:dark_oak_chest":2,"undead_unleashed:ancient_dirt":24,"minecraft:crafting_table":3,"minecraft:red_sand":109,"minecraft:grass_block":5,"undead_unleashed:grave_soil":2,"minecraft:chest":1,"minecraft:dead_bush":23,"minecraft:campfire":1,"minecraft:tall_grass":3,"minecraft:copper_ore":2,"minecraft:sugar_cane":1,"mysticalagriculture:inferium_ore":1,"minecraft:cactus":2,"minecraft:furnace":1,"minecraft:fire":1,"werewolves:wolfsbane":3,"vampirism:tent":1,"minecraft:grass":66,"minecraft:coal_ore":1,"minecraft:dirt_path":2,"vampirism:fire_place":1,"minecraft:lantern":1,"minecraft:dirt":3,"minecraft:stone":6},"minecraft:dropped":{"minecraft:cobblestone":2,"minecraft:red_mushroom":9,"minecraft:dead_bush":16},"minecraft:used":{"minecraft:water_bucket":23,"quark:birch_chest":1,"minecraft:iron_shovel":78,"minecraft:chest":3,"minecraft:wooden_shovel":63,"minecraft:dirt":10,"minecraft:crafting_table":5,"minecraft:wooden_axe":29,"minecraft:lava_bucket":1,"minecraft:iron_pickaxe":12,"quark:dark_oak_chest":2,"minecraft:bucket":25,"quark:oak_chest":1,"minecraft:oak_boat":1},"minecraft:broken":{"minecraft:wooden_shovel":1},"minecraft:custom":{"minecraft:interact_with_furnace":1,"minecraft:interact_with_crafting_table":9,"minecraft:open_barrel":2,"minecraft:time_since_death":41204,"minecraft:time_since_rest":41204,"minecraft:sprint_one_cm":127737,"minecraft:damage_taken":721,"minecraft:walk_one_cm":102546,"minecraft:drop":3,"minecraft:swim_one_cm":2332,"minecraft:fly_one_cm":73236,"minecraft:open_chest":4,"minecraft:crouch_one_cm":997,"minecraft:play_time":41204,"minecraft:sneak_time":459,"minecraft:walk_under_water_one_cm":4046,"minecraft:boat_one_cm":5475,"minecraft:jump":453,"minecraft:walk_on_water_one_cm":11442,"minecraft:total_world_time":41204,"minecraft:fall_one_cm":10470}},"DataVersion":3120}