{"stats":{"minecraft:crafted":{"minecraft:oak_planks":5,"minecraft:wooden_shovel":3,"quark:birch_chest":1,"minecraft:crafting_table":3,"minecraft:golden_shovel":8,"minecraft:bone_meal":3,"minecraft:bucket":1,"minecraft:birch_planks":6,"minecraft:air":325,"minecraft:oak_boat":1,"quark:oak_chest":1,"minecraft:iron_ingot":18,"minecraft:wooden_axe":1,"minecraft:acacia_door":3,"minecraft:chest":2,"minecraft:iron_shovel":1,"minecraft:gold_ingot":27,"minecraft:acacia_planks":27,"minecraft:torch":8},"minecraft:picked_up":{"minecraft:birch_log":21,"minecraft:charcoal":2,"minecraft:crafting_table":4,"vampirism:item_tent":1,"minecraft:andesite":4,"minecraft:red_mushroom":9,"minecraft:flint":2,"butchersdelight:deadpig":1,"minecraft:oak_log":5,"quark:dark_oak_chest":2,"minecraft:gunpowder":42,"tconstruct:sky_slime_crystal_block":47,"minecraft:dirt":534,"minecraft:string":14,"minecraft:lantern":2,"minecraft:white_carpet":1,"minecraft:bone":3,"minecraft:wheat_seeds":42,"mysticalagriculture:inferium_essence":2,"minecraft:red_sand":120,"minecraft:gold_nugget":2,"dynamictrees:birch_seed":3,"goblins:goblin_bomb":19,"minecraft:oak_boat":1,"minecraft:calcite":3,"minecraft:sugar_cane":1,"minecraft:chest":1,"minecraft:oak_planks":1,"minecraft:furnace":1,"minecraft:raw_iron":1,"minecraft:stick":83,"vampirism:fire_place":1,"minecraft:torch":9,"minecraft:acacia_log":27,"minecraft:gravel":6,"sophisticatedbackpacks:backpack":1,"werewolves:raw_silver":2,"werewolves:wolfsbane":2,"dynamictrees:acacia_seed":10,"undead_unleashed:grave_metal_scrap":2,"minecraft:dead_bush":16,"minecraft:redstone":63,"minecraft:mossy_cobblestone":10,"minecraft:tnt":4,"tconstruct:sky_slime_crystal":4,"minecraft:cactus":4,"immersiveengineering:seed":36,"minecraft:granite":11,"minecraft:bone_meal":4,"minecraft:cobblestone":111},"minecraft:mined":{"minecraft:mossy_cobblestone":1,"quark:dark_oak_chest":2,"tconstruct:sky_slime_crystal_block":48,"undead_unleashed:ancient_dirt":24,"minecraft:crafting_table":4,"minecraft:torch":6,"minecraft:granite":14,"minecraft:red_sand":109,"minecraft:calcite":3,"minecraft:grass_block":280,"undead_unleashed:grave_soil":2,"minecraft:chest":1,"minecraft:dead_bush":23,"minecraft:campfire":1,"minecraft:cobblestone":8,"minecraft:tall_grass":5,"minecraft:copper_ore":3,"tconstruct:small_sky_slime_crystal_bud":1,"minecraft:sugar_cane":1,"tconstruct:large_sky_slime_crystal_bud":1,"minecraft:diorite":20,"minecraft:wall_torch":1,"mysticalagriculture:inferium_ore":1,"tconstruct:sky_slime_crystal_cluster":1,"tconstruct:budding_sky_slime_crystal":7,"minecraft:cactus":2,"minecraft:furnace":1,"minecraft:iron_ore":1,"minecraft:fire":1,"werewolves:wolfsbane":3,"minecraft:andesite":4,"evilcraft:dark_ore":1,"vampirism:tent":1,"minecraft:grass":81,"minecraft:coal_ore":1,"minecraft:dirt_path":2,"vampirism:fire_place":1,"minecraft:lantern":1,"minecraft:dripstone_block":1,"minecraft:gravel":8,"minecraft:dirt":251,"thermal:nickel_ore":1,"tconstruct:medium_sky_slime_crystal_bud":2,"minecraft:stone":111,"werewolves:silver_ore":2,"minecraft:infested_stone":2},"minecraft:dropped":{"minecraft:bread":9,"minecraft:cobblestone":8,"minecraft:red_mushroom":9,"minecraft:torch":4,"minecraft:andesite":4,"minecraft:dead_bush":16},"minecraft:used":{"vampirism:fire_place":1,"minecraft:water_bucket":41,"quark:birch_chest":1,"minecraft:iron_shovel":255,"minecraft:chest":3,"minecraft:wooden_shovel":132,"minecraft:torch":9,"minecraft:mossy_cobblestone":10,"minecraft:dirt":531,"minecraft:crafting_table":6,"minecraft:golden_shovel":256,"minecraft:wooden_axe":30,"vampirism:item_tent":1,"minecraft:lava_bucket":1,"minecraft:acacia_door":2,"minecraft:iron_pickaxe":239,"quark:dark_oak_chest":2,"minecraft:cobblestone":63,"minecraft:bucket":43,"quark:oak_chest":1,"minecraft:oak_boat":1},"minecraft:broken":{"minecraft:iron_shovel":1,"minecraft:wooden_shovel":2,"minecraft:golden_shovel":8},"minecraft:custom":{"minecraft:interact_with_furnace":1,"minecraft:interact_with_crafting_table":16,"minecraft:open_barrel":2,"minecraft:time_since_death":77204,"minecraft:time_since_rest":77204,"minecraft:sprint_one_cm":178817,"minecraft:damage_taken":1121,"minecraft:walk_one_cm":195986,"minecraft:drop":15,"minecraft:swim_one_cm":2943,"minecraft:fly_one_cm":98817,"minecraft:open_chest":8,"minecraft:crouch_one_cm":12486,"minecraft:play_time":77204,"minecraft:sneak_time":4955,"minecraft:walk_under_water_one_cm":42445,"minecraft:boat_one_cm":5475,"minecraft:jump":629,"minecraft:walk_on_water_one_cm":18715,"minecraft:total_world_time":77204,"minecraft:fall_one_cm":14264}},"DataVersion":3120}