{"stats":{"minecraft:crafted":{"minecraft:oak_planks":5,"minecraft:wooden_shovel":2,"minecraft:crafting_table":2,"minecraft:bone_meal":3,"minecraft:bucket":1,"minecraft:birch_planks":6,"minecraft:air":217,"minecraft:oak_boat":1,"minecraft:iron_ingot":18,"minecraft:wooden_axe":1,"minecraft:iron_shovel":1},"minecraft:picked_up":{"minecraft:birch_log":21,"minecraft:charcoal":2,"minecraft:crafting_table":3,"vampirism:item_tent":1,"minecraft:red_mushroom":9,"butchersdelight:deadpig":1,"minecraft:oak_log":5,"quark:dark_oak_chest":1,"minecraft:gunpowder":42,"minecraft:dirt":10,"minecraft:string":14,"minecraft:lantern":2,"minecraft:white_carpet":1,"minecraft:bone":3,"minecraft:red_sand":120,"minecraft:gold_nugget":2,"dynamictrees:birch_seed":3,"goblins:goblin_bomb":19,"minecraft:oak_boat":1,"minecraft:sugar_cane":1,"minecraft:oak_planks":1,"minecraft:furnace":1,"minecraft:stick":80,"vampirism:fire_place":1,"minecraft:acacia_log":27,"sophisticatedbackpacks:backpack":1,"werewolves:wolfsbane":2,"dynamictrees:acacia_seed":10,"undead_unleashed:grave_metal_scrap":2,"minecraft:dead_bush":16,"minecraft:redstone":63,"minecraft:mossy_cobblestone":10,"minecraft:tnt":4,"minecraft:cactus":4,"immersiveengineering:seed":3,"minecraft:bone_meal":4,"minecraft:cobblestone":2},"minecraft:mined":{"quark:dark_oak_chest":1,"undead_unleashed:ancient_dirt":24,"minecraft:crafting_table":3,"minecraft:red_sand":109,"minecraft:grass_block":4,"undead_unleashed:grave_soil":2,"minecraft:dead_bush":23,"minecraft:campfire":1,"minecraft:sugar_cane":1,"minecraft:cactus":2,"minecraft:furnace":1,"werewolves:wolfsbane":3,"vampirism:tent":1,"minecraft:grass":6,"minecraft:coal_ore":1,"minecraft:dirt_path":2,"vampirism:fire_place":1,"minecraft:lantern":1,"minecraft:dirt":3,"minecraft:stone":6},"minecraft:dropped":{"minecraft:cobblestone":2,"minecraft:red_mushroom":9,"minecraft:dead_bush":16},"minecraft:used":{"minecraft:iron_shovel":77,"minecraft:wooden_shovel":63,"minecraft:crafting_table":4,"minecraft:wooden_axe":27,"minecraft:iron_pickaxe":9,"minecraft:bucket":1,"minecraft:oak_boat":1},"minecraft:broken":{"minecraft:wooden_shovel":1},"minecraft:custom":{"minecraft:interact_with_furnace":1,"minecraft:interact_with_crafting_table":5,"minecraft:open_barrel":2,"minecraft:time_since_death":29204,"minecraft:time_since_rest":29204,"minecraft:sprint_one_cm":90210,"minecraft:damage_taken":721,"minecraft:walk_one_cm":72910,"minecraft:drop":3,"minecraft:swim_one_cm":2332,"minecraft:fly_one_cm":60082,"minecraft:open_chest":2,"minecraft:crouch_one_cm":968,"minecraft:play_time":29204,"minecraft:sneak_time":377,"minecraft:walk_under_water_one_cm":574,"minecraft:boat_one_cm":5475,"minecraft:jump":369,"minecraft:walk_on_water_one_cm":1899,"minecraft:total_world_time":29204,"minecraft:fall_one_cm":10201}},"DataVersion":3120}