{"stats":{"minecraft:killed_by":{"minecraft:player":1,"born_in_chaos_v1:nightmare_stalker":1,"grimoireofgaia:orc":1,"born_in_chaos_v1:skeleton_thrasher":1,"born_in_chaos_v1:baby_skeleton":1,"grimoireofgaia:flesh_lich":1,"grimoireofgaia:minotaurus":1},"minecraft:crafted":{"minecraft:oak_planks":5,"quark:birch_chest":1,"werewolves:silver_pickaxe":2,"minecraft:bone_meal":3,"quark:acacia_chest":4,"thermal:silver_ingot":8,"minecraft:chest":2,"minecraft:golden_sword":1,"minecraft:wooden_shovel":3,"werewolves:silver_sword":1,"minecraft:crafting_table":4,"minecraft:wooden_pickaxe":1,"werewolves:silver_ingot":4,"minecraft:golden_shovel":8,"minecraft:bucket":1,"minecraft:birch_planks":6,"minecraft:air":326,"minecraft:oak_boat":1,"quark:oak_chest":1,"minecraft:iron_ingot":27,"minecraft:wooden_axe":1,"minecraft:acacia_door":3,"minecraft:iron_shovel":4,"minecraft:gold_ingot":27,"minecraft:acacia_planks":27,"minecraft:torch":8},"minecraft:picked_up":{"minecraft:charcoal":2,"minecraft:crafting_table":6,"thermal:raw_silver":8,"minecraft:smithing_table":1,"quark:dark_oak_chest":2,"minecraft:red_bed":2,"minecraft:string":15,"minecraft:soul_soil":1,"minecraft:white_carpet":1,"minecraft:red_sand":120,"mysticalagriculture:inferium_essence":28,"minecraft:gold_nugget":2,"minecraft:cobbled_deepslate":61,"goblins:goblin_bomb":19,"minecraft:oak_boat":1,"born_in_chaos_v1:gnawed_bones":2,"minecraft:calcite":3,"minecraft:sugar_cane":2,"minecraft:chest":1,"minecraft:furnace":1,"minecraft:stick":135,"minecraft:raw_iron":37,"minecraft:torch":20,"mysticalagriculture:prosperity_shard":51,"minecraft:acacia_log":27,"sophisticatedbackpacks:backpack":1,"werewolves:raw_silver":4,"werewolves:wolfsbane":2,"tombstone:grave_dust":1,"minecraft:pointed_dripstone":4,"minecraft:redstone":190,"minecraft:tnt":4,"minecraft:rotten_flesh":3,"tconstruct:sky_slime_crystal":4,"minecraft:cactus":4,"werewolves:silver_pickaxe":1,"quark:azalea_chest":2,"minecraft:cobblestone":152,"minecraft:birch_log":21,"born_in_chaos_v1:monster_flesh":14,"vampirism:item_tent":3,"minecraft:andesite":4,"minecraft:red_mushroom":9,"minecraft:flint":2,"butchersdelight:deadpig":1,"minecraft:oak_log":5,"evilcraft:flesh_humanoid":1,"minecraft:gunpowder":42,"tconstruct:sky_slime_crystal_block":54,"minecraft:dirt":811,"minecraft:lantern":4,"tombstone:gift":2,"born_in_chaos_v1:monster_skin":11,"minecraft:bone":3,"minecraft:wheat_seeds":70,"minecraft:raw_gold":12,"dynamictrees:birch_seed":3,"minecraft:oak_planks":1,"vampirism:fire_place":2,"minecraft:gravel":6,"dynamictrees:acacia_seed":11,"undead_unleashed:grave_metal_scrap":2,"born_in_chaos_v1:fangofthe_hound_leader":2,"minecraft:dead_bush":16,"alexsmobs:animal_dictionary":1,"minecraft:mossy_cobblestone":10,"minecraft:diamond":2,"immersiveengineering:seed":51,"evilcraft:dark_gem":9,"minecraft:granite":11,"minecraft:bone_meal":4,"minecraft:bread":1},"minecraft:killed":{"born_in_chaos_v1:restless_spirit":1,"minecraft:phantom":4,"mowziesmobs:umvuthana_crane_player":3,"born_in_chaos_v1:dire_hound_leader":1,"mowziesmobs:umvuthana_follower_player":1,"minecraft:zombie":4,"born_in_chaos_v1:dread_hound":8},"minecraft:mined":{"minecraft:tuff":5,"minecraft:mossy_cobblestone":1,"minecraft:deepslate_diamond_ore":2,"quark:azalea_chest":1,"tconstruct:sky_slime_crystal_block":56,"minecraft:glow_lichen":1,"minecraft:granite":17,"minecraft:red_sand":109,"minecraft:grass_block":500,"minecraft:soul_campfire":1,"tconstruct:small_sky_slime_crystal_bud":1,"born_in_chaos_v1:gnawed_bones":1,"tconstruct:large_sky_slime_crystal_bud":1,"mysticalagriculture:inferium_ore":8,"tconstruct:sky_slime_crystal_cluster":1,"minecraft:furnace":2,"minecraft:iron_ore":5,"minecraft:fire":1,"werewolves:wolfsbane":3,"minecraft:andesite":4,"evilcraft:dark_ore":1,"vampirism:tent":1,"minecraft:deepslate_iron_ore":32,"minecraft:dirt_path":2,"minecraft:lantern":2,"tconstruct:medium_sky_slime_crystal_bud":2,"minecraft:stone":150,"minecraft:smithing_table":1,"minecraft:deepslate_redstone_ore":14,"minecraft:red_bed":2,"quark:dark_oak_chest":2,"vampirism:tent_main":2,"undead_unleashed:ancient_dirt":24,"minecraft:crafting_table":6,"minecraft:torch":7,"undead_unleashed:grave_soil":2,"minecraft:calcite":3,"minecraft:chest":1,"minecraft:dead_bush":23,"minecraft:campfire":1,"minecraft:copper_ore":4,"minecraft:tall_grass":6,"minecraft:cobblestone":10,"thermal:deepslate_lead_ore":2,"minecraft:lapis_ore":6,"minecraft:deepslate_gold_ore":17,"minecraft:sugar_cane":1,"minecraft:diorite":23,"minecraft:wall_torch":5,"tconstruct:budding_sky_slime_crystal":7,"minecraft:cactus":2,"evilcraft:dark_ore_deepslate":2,"thermal:deepslate_silver_ore":8,"minecraft:grass":138,"minecraft:coal_ore":1,"werewolves:deepslate_silver_ore":2,"evilcraft:blood_stain":1,"vampirism:fire_place":2,"minecraft:gravel":14,"minecraft:dripstone_block":8,"minecraft:dirt":328,"minecraft:cobweb":1,"thermal:nickel_ore":1,"mysticalagriculture:deepslate_prosperity_ore":20,"mysticalagriculture:deepslate_inferium_ore":1,"werewolves:silver_ore":2,"minecraft:deepslate":122,"minecraft:infested_stone":2},"minecraft:dropped":{"minecraft:bread":10,"dynamictrees:birch_seed":3,"minecraft:cobblestone":12,"minecraft:red_mushroom":9,"minecraft:stick":47,"minecraft:dirt":3,"tconstruct:materials_and_you":1,"minecraft:torch":4,"minecraft:dead_bush":16,"minecraft:gold_nugget":2,"werewolves:wolfsbane":2,"minecraft:cactus":4,"minecraft:redstone":64,"minecraft:gravel":6,"alexsmobs:animal_dictionary":1,"minecraft:cobbled_deepslate":36,"werewolves:silver_pickaxe":2,"minecraft:pointed_dripstone":4,"minecraft:rotten_flesh":3,"quark:azalea_chest":2,"goblins:goblin_bomb":6,"minecraft:andesite":4,"minecraft:oak_boat":1},"minecraft:used":{"quark:birch_chest":1,"minecraft:iron_shovel":551,"werewolves:silver_sword":71,"minecraft:chest":3,"minecraft:wooden_shovel":132,"minecraft:torch":16,"minecraft:dirt":675,"werewolves:silver_pickaxe":215,"minecraft:golden_shovel":256,"minecraft:wooden_axe":41,"vampirism:item_tent":3,"minecraft:lava_bucket":1,"minecraft:iron_axe":6,"born_in_chaos_v1:gnawed_bones":1,"minecraft:golden_sword":31,"minecraft:furnace":6,"tombstone:gift":4,"minecraft:water_bucket":51,"vampirism:fire_place":2,"minecraft:wooden_pickaxe":41,"minecraft:mossy_cobblestone":10,"minecraft:crafting_table":9,"minecraft:red_bed":2,"quark:acacia_chest":4,"minecraft:acacia_door":2,"minecraft:bread":11,"minecraft:iron_pickaxe":413,"quark:dark_oak_chest":2,"minecraft:cobblestone":194,"minecraft:bucket":53,"tconstruct:sky_slime_crystal_block":24,"quark:oak_chest":1,"minecraft:oak_boat":1},"minecraft:broken":{"minecraft:golden_helmet":1,"minecraft:iron_shovel":2,"minecraft:golden_boots":1,"minecraft:wooden_shovel":2,"minecraft:golden_shovel":8,"minecraft:golden_leggings":1,"minecraft:golden_sword":1,"minecraft:iron_pickaxe":2,"minecraft:wooden_axe":1,"minecraft:golden_chestplate":1},"minecraft:custom":{"minecraft:interact_with_smithing_table":1,"minecraft:mob_kills":20,"minecraft:interact_with_crafting_table":21,"minecraft:open_barrel":3,"minecraft:damage_dealt_resisted":269,"minecraft:leave_game":2,"minecraft:time_since_death":5878,"minecraft:sprint_one_cm":356499,"minecraft:walk_one_cm":421583,"minecraft:drop":39,"minecraft:play_time":166737,"minecraft:deaths":7,"minecraft:sneak_time":9558,"minecraft:walk_under_water_one_cm":51064,"minecraft:boat_one_cm":5475,"minecraft:jump":1874,"minecraft:walk_on_water_one_cm":51640,"minecraft:total_world_time":166737,"minecraft:interact_with_furnace":23,"minecraft:sleep_in_bed":2,"minecraft:time_since_rest":1861,"minecraft:damage_taken":14016,"minecraft:damage_dealt":5480,"minecraft:swim_one_cm":3502,"minecraft:player_kills":1,"minecraft:fly_one_cm":298706,"minecraft:open_chest":32,"minecraft:crouch_one_cm":26077,"tombstone:undead_killed":4,"minecraft:fall_one_cm":59046}},"DataVersion":3120}