{"stats":{"minecraft:crafted":{"minecraft:oak_boat":1,"minecraft:oak_planks":5,"minecraft:wooden_shovel":2,"minecraft:crafting_table":2,"minecraft:iron_ingot":18,"minecraft:wooden_axe":1,"minecraft:iron_shovel":1,"minecraft:bucket":1,"minecraft:birch_planks":6,"minecraft:air":208},"minecraft:picked_up":{"minecraft:birch_log":21,"minecraft:charcoal":2,"minecraft:stick":67,"minecraft:crafting_table":3,"vampirism:item_tent":1,"vampirism:fire_place":1,"minecraft:red_mushroom":9,"sophisticatedbackpacks:backpack":1,"butchersdelight:deadpig":1,"minecraft:oak_log":5,"werewolves:wolfsbane":2,"quark:dark_oak_chest":1,"minecraft:redstone":62,"minecraft:dead_bush":16,"minecraft:gunpowder":42,"minecraft:mossy_cobblestone":10,"minecraft:string":14,"minecraft:dirt":7,"minecraft:lantern":2,"minecraft:tnt":4,"minecraft:white_carpet":1,"minecraft:cactus":4,"minecraft:red_sand":120,"goblins:goblin_bomb":19,"dynamictrees:birch_seed":3,"minecraft:oak_boat":1,"minecraft:bone_meal":4,"minecraft:oak_planks":1,"minecraft:furnace":1},"minecraft:mined":{"minecraft:cactus":2,"minecraft:furnace":1,"quark:dark_oak_chest":1,"werewolves:wolfsbane":3,"minecraft:crafting_table":3,"vampirism:tent":1,"minecraft:grass":2,"minecraft:red_sand":109,"minecraft:grass_block":3,"minecraft:dirt_path":2,"vampirism:fire_place":1,"minecraft:dead_bush":23,"minecraft:lantern":1,"minecraft:campfire":1},"minecraft:used":{"minecraft:wooden_axe":17,"minecraft:iron_shovel":48,"minecraft:iron_pickaxe":2,"minecraft:wooden_shovel":63,"minecraft:crafting_table":4,"minecraft:bucket":1,"minecraft:oak_boat":1},"minecraft:broken":{"minecraft:wooden_shovel":1},"minecraft:custom":{"minecraft:time_since_rest":17204,"minecraft:interact_with_furnace":1,"minecraft:sprint_one_cm":52543,"minecraft:damage_taken":170,"minecraft:walk_one_cm":52222,"minecraft:interact_with_crafting_table":5,"minecraft:swim_one_cm":2088,"minecraft:fly_one_cm":27754,"minecraft:open_barrel":2,"minecraft:open_chest":2,"minecraft:crouch_one_cm":317,"minecraft:play_time":17204,"minecraft:sneak_time":162,"minecraft:walk_under_water_one_cm":403,"minecraft:boat_one_cm":5475,"minecraft:jump":168,"minecraft:time_since_death":17204,"minecraft:walk_on_water_one_cm":1294,"minecraft:total_world_time":17204,"minecraft:fall_one_cm":3057}},"DataVersion":3120}