{"stats":{"minecraft:crafted":{"minecraft:birch_planks":6,"minecraft:crafting_table":1,"minecraft:air":25,"minecraft:wooden_axe":1},"minecraft:picked_up":{"minecraft:birch_log":11,"minecraft:stick":43,"minecraft:crafting_table":1,"minecraft:cactus":4,"dynamictrees:birch_seed":3},"minecraft:mined":{"minecraft:grass":1,"minecraft:cactus":2,"minecraft:dead_bush":23,"minecraft:crafting_table":1},"minecraft:used":{"minecraft:wooden_axe":5,"minecraft:crafting_table":1},"minecraft:custom":{"minecraft:time_since_rest":5204,"minecraft:crouch_one_cm":117,"minecraft:play_time":5204,"minecraft:sprint_one_cm":14809,"minecraft:walk_one_cm":17033,"minecraft:sneak_time":92,"minecraft:jump":44,"minecraft:time_since_death":5204,"minecraft:total_world_time":5204,"minecraft:fall_one_cm":1045,"minecraft:interact_with_crafting_table":1,"minecraft:fly_one_cm":10424}},"DataVersion":3120}