{"stats":{"minecraft:killed_by":{"born_in_chaos_v1:nightmare_stalker":1,"born_in_chaos_v1:baby_skeleton":1,"grimoireofgaia:flesh_lich":1},"minecraft:crafted":{"minecraft:oak_planks":5,"quark:birch_chest":1,"minecraft:bone_meal":3,"minecraft:chest":2,"minecraft:golden_sword":1,"minecraft:wooden_shovel":3,"minecraft:crafting_table":3,"minecraft:golden_shovel":8,"minecraft:bucket":1,"minecraft:birch_planks":6,"minecraft:air":325,"minecraft:oak_boat":1,"quark:oak_chest":1,"minecraft:iron_ingot":18,"minecraft:wooden_axe":1,"minecraft:acacia_door":3,"minecraft:iron_shovel":1,"minecraft:gold_ingot":27,"minecraft:acacia_planks":27,"minecraft:torch":8},"minecraft:picked_up":{"minecraft:charcoal":2,"minecraft:crafting_table":5,"thermal:raw_silver":8,"quark:dark_oak_chest":2,"minecraft:string":15,"minecraft:white_carpet":1,"minecraft:red_sand":120,"mysticalagriculture:inferium_essence":7,"minecraft:gold_nugget":2,"minecraft:cobbled_deepslate":10,"goblins:goblin_bomb":19,"minecraft:oak_boat":1,"minecraft:calcite":3,"minecraft:sugar_cane":1,"minecraft:chest":1,"minecraft:furnace":1,"minecraft:stick":83,"minecraft:raw_iron":2,"minecraft:torch":12,"mysticalagriculture:prosperity_shard":51,"minecraft:acacia_log":27,"sophisticatedbackpacks:backpack":1,"werewolves:raw_silver":2,"werewolves:wolfsbane":2,"minecraft:redstone":108,"minecraft:tnt":4,"tconstruct:sky_slime_crystal":4,"minecraft:cactus":4,"minecraft:cobblestone":111,"minecraft:birch_log":21,"vampirism:item_tent":1,"minecraft:andesite":4,"minecraft:red_mushroom":9,"minecraft:flint":2,"butchersdelight:deadpig":1,"minecraft:oak_log":5,"minecraft:gunpowder":42,"tconstruct:sky_slime_crystal_block":50,"minecraft:dirt":534,"minecraft:lantern":2,"born_in_chaos_v1:monster_skin":3,"minecraft:bone":3,"minecraft:wheat_seeds":42,"minecraft:raw_gold":12,"dynamictrees:birch_seed":3,"minecraft:oak_planks":1,"vampirism:fire_place":1,"minecraft:gravel":6,"dynamictrees:acacia_seed":10,"undead_unleashed:grave_metal_scrap":2,"minecraft:dead_bush":16,"minecraft:mossy_cobblestone":10,"minecraft:diamond":1,"immersiveengineering:seed":36,"evilcraft:dark_gem":9,"minecraft:granite":11,"minecraft:bone_meal":4},"minecraft:killed":{"born_in_chaos_v1:restless_spirit":1,"minecraft:zombie":2,"born_in_chaos_v1:dread_hound":2},"minecraft:mined":{"minecraft:mossy_cobblestone":1,"minecraft:deepslate_diamond_ore":1,"tconstruct:sky_slime_crystal_block":51,"minecraft:glow_lichen":1,"minecraft:granite":14,"minecraft:red_sand":109,"minecraft:grass_block":280,"tconstruct:small_sky_slime_crystal_bud":1,"tconstruct:large_sky_slime_crystal_bud":1,"mysticalagriculture:inferium_ore":3,"tconstruct:sky_slime_crystal_cluster":1,"minecraft:furnace":1,"minecraft:iron_ore":1,"minecraft:fire":1,"werewolves:wolfsbane":3,"minecraft:andesite":4,"evilcraft:dark_ore":1,"vampirism:tent":1,"minecraft:deepslate_iron_ore":1,"minecraft:dirt_path":2,"minecraft:lantern":1,"tconstruct:medium_sky_slime_crystal_bud":2,"minecraft:stone":111,"minecraft:deepslate_redstone_ore":10,"quark:dark_oak_chest":2,"undead_unleashed:ancient_dirt":24,"minecraft:crafting_table":5,"minecraft:torch":6,"undead_unleashed:grave_soil":2,"minecraft:calcite":3,"minecraft:chest":1,"minecraft:dead_bush":23,"minecraft:campfire":1,"minecraft:copper_ore":4,"minecraft:tall_grass":5,"minecraft:cobblestone":8,"minecraft:deepslate_gold_ore":12,"minecraft:sugar_cane":1,"minecraft:diorite":20,"minecraft:wall_torch":1,"tconstruct:budding_sky_slime_crystal":7,"minecraft:cactus":2,"evilcraft:dark_ore_deepslate":2,"thermal:deepslate_silver_ore":8,"minecraft:grass":81,"minecraft:coal_ore":1,"vampirism:fire_place":1,"minecraft:gravel":8,"minecraft:dripstone_block":1,"minecraft:dirt":251,"minecraft:cobweb":1,"thermal:nickel_ore":1,"mysticalagriculture:deepslate_prosperity_ore":20,"werewolves:silver_ore":2,"minecraft:deepslate":25,"minecraft:infested_stone":2},"minecraft:dropped":{"minecraft:bread":9,"minecraft:cobblestone":12,"minecraft:red_mushroom":9,"minecraft:dirt":3,"tconstruct:materials_and_you":1,"minecraft:torch":4,"minecraft:dead_bush":16,"minecraft:cactus":4,"minecraft:cobbled_deepslate":6,"goblins:goblin_bomb":6,"minecraft:andesite":4,"minecraft:oak_boat":1},"minecraft:used":{"quark:birch_chest":1,"minecraft:iron_shovel":255,"minecraft:chest":3,"minecraft:wooden_shovel":132,"minecraft:torch":11,"minecraft:dirt":531,"minecraft:golden_shovel":256,"minecraft:wooden_axe":41,"vampirism:item_tent":1,"minecraft:lava_bucket":1,"minecraft:golden_sword":31,"minecraft:water_bucket":41,"vampirism:fire_place":1,"minecraft:mossy_cobblestone":10,"minecraft:crafting_table":7,"minecraft:acacia_door":2,"minecraft:iron_pickaxe":365,"quark:dark_oak_chest":2,"minecraft:cobblestone":99,"minecraft:bucket":43,"tconstruct:sky_slime_crystal_block":9,"quark:oak_chest":1,"minecraft:oak_boat":1},"minecraft:broken":{"minecraft:golden_helmet":1,"minecraft:iron_shovel":1,"minecraft:golden_boots":1,"minecraft:wooden_shovel":2,"minecraft:golden_shovel":8,"minecraft:golden_leggings":1,"minecraft:golden_sword":1,"minecraft:iron_pickaxe":1,"minecraft:wooden_axe":1,"minecraft:golden_chestplate":1},"minecraft:custom":{"minecraft:mob_kills":5,"minecraft:interact_with_crafting_table":17,"minecraft:open_barrel":2,"minecraft:damage_dealt_resisted":165,"minecraft:leave_game":2,"minecraft:time_since_death":10076,"minecraft:sprint_one_cm":262941,"minecraft:walk_one_cm":252141,"minecraft:drop":22,"minecraft:play_time":106737,"minecraft:deaths":3,"minecraft:sneak_time":6926,"minecraft:walk_under_water_one_cm":45396,"minecraft:boat_one_cm":5475,"minecraft:jump":1119,"minecraft:walk_on_water_one_cm":38010,"minecraft:total_world_time":106737,"minecraft:interact_with_furnace":1,"minecraft:time_since_rest":7677,"minecraft:damage_taken":11694,"minecraft:damage_dealt":2039,"minecraft:swim_one_cm":2943,"minecraft:fly_one_cm":208793,"minecraft:open_chest":8,"minecraft:crouch_one_cm":17619,"tombstone:undead_killed":2,"minecraft:fall_one_cm":32858}},"DataVersion":3120}