{"stats":{"minecraft:killed_by":{"grimoireofgaia:goblin":1,"minecraft:player":1,"grimoireofgaia:harpy":1},"minecraft:crafted":{"minecraft:wooden_sword":1,"minecraft:wooden_shovel":1,"minecraft:stone_shovel":1,"minecraft:acacia_wood":3,"minecraft:wooden_hoe":1,"minecraft:crafting_table":1,"minecraft:stick":4,"minecraft:wooden_pickaxe":1,"minecraft:stone_pickaxe":1,"minecraft:stone_sword":1,"minecraft:acacia_planks":16,"minecraft:stone_axe":1},"minecraft:picked_up":{"born_in_chaos_v1:corpse_maggot":1,"minecraft:stick":18,"minecraft:crafting_table":2,"grimoireofgaia:meat":1,"minecraft:acacia_log":22,"farmersdelight:tomato_seeds":4,"minecraft:dirt":10,"minecraft:rotten_flesh":3,"immersiveengineering:seed":8,"minecraft:wheat_seeds":8,"minecraft:bucket":1,"minecraft:bread":6,"minecraft:cobblestone":111},"minecraft:mined":{"minecraft:grass":77,"minecraft:grass_block":6,"minecraft:dead_bush":1,"minecraft:dirt":4,"minecraft:tall_grass":24,"minecraft:cobblestone":7,"farmersdelight:wild_tomatoes":4,"minecraft:stone":105},"minecraft:dropped":{"minecraft:crafting_table":2},"minecraft:used":{"minecraft:stone_pickaxe":116,"minecraft:wooden_pickaxe":25,"minecraft:stone_axe":48,"minecraft:wooden_sword":35,"minecraft:crafting_table":1},"minecraft:custom":{"minecraft:time_since_rest":4962,"minecraft:sprint_one_cm":7488,"minecraft:damage_taken":1087,"minecraft:walk_one_cm":149250,"minecraft:drop":2,"minecraft:damage_dealt":392,"minecraft:interact_with_crafting_table":10,"minecraft:fly_one_cm":6603,"minecraft:open_chest":1,"minecraft:play_time":31658,"minecraft:deaths":3,"minecraft:jump":189,"minecraft:damage_dealt_resisted":26,"minecraft:walk_on_water_one_cm":766,"minecraft:time_since_death":5701,"minecraft:total_world_time":31658,"minecraft:fall_one_cm":613}},"DataVersion":3120}