{"stats":{"minecraft:killed_by":{"grimoireofgaia:harpy":1,"grimoireofgaia:goblin":1},"minecraft:crafted":{"minecraft:stone_sword":1,"minecraft:wooden_sword":1,"minecraft:wooden_shovel":1,"minecraft:acacia_wood":3,"minecraft:acacia_planks":16,"minecraft:wooden_hoe":1,"minecraft:crafting_table":1,"minecraft:stick":4,"minecraft:wooden_pickaxe":1,"minecraft:stone_pickaxe":1},"minecraft:picked_up":{"born_in_chaos_v1:corpse_maggot":1,"minecraft:stick":5,"minecraft:crafting_table":2,"minecraft:rotten_flesh":3,"immersiveengineering:seed":5,"minecraft:wheat_seeds":3,"minecraft:acacia_log":5,"minecraft:bucket":1,"farmersdelight:tomato_seeds":4,"minecraft:cobblestone":7},"minecraft:mined":{"minecraft:grass":45,"minecraft:dead_bush":1,"minecraft:tall_grass":7,"minecraft:cobblestone":7,"farmersdelight:wild_tomatoes":4},"minecraft:dropped":{"minecraft:crafting_table":2},"minecraft:used":{"minecraft:wooden_sword":35,"minecraft:crafting_table":1,"minecraft:wooden_pickaxe":25},"minecraft:custom":{"minecraft:time_since_rest":7065,"minecraft:play_time":19658,"minecraft:sprint_one_cm":1239,"minecraft:walk_one_cm":87502,"minecraft:damage_taken":817,"minecraft:deaths":2,"minecraft:drop":2,"minecraft:damage_dealt_resisted":26,"minecraft:jump":101,"minecraft:damage_dealt":179,"minecraft:time_since_death":7676,"minecraft:total_world_time":19658,"minecraft:interact_with_crafting_table":6,"minecraft:fall_one_cm":404,"minecraft:fly_one_cm":5010}},"DataVersion":3120}