{"stats":{"minecraft:killed_by":{"grimoireofgaia:goblin":1},"minecraft:crafted":{"minecraft:crafting_table":1,"minecraft:acacia_wood":3,"minecraft:acacia_planks":4},"minecraft:picked_up":{"minecraft:crafting_table":1,"minecraft:stick":5,"immersiveengineering:seed":2,"minecraft:acacia_log":5,"minecraft:wheat_seeds":1},"minecraft:mined":{"minecraft:grass":19},"minecraft:dropped":{"minecraft:crafting_table":1},"minecraft:custom":{"minecraft:jump":26,"minecraft:time_since_rest":3650,"minecraft:damage_dealt":32,"minecraft:deaths":1,"minecraft:sprint_one_cm":493,"minecraft:play_time":7658,"minecraft:damage_taken":265,"minecraft:time_since_death":3987,"minecraft:walk_one_cm":27888,"minecraft:total_world_time":7658,"minecraft:drop":1,"minecraft:fall_one_cm":404,"minecraft:fly_one_cm":100}},"DataVersion":3120}