{"stats":{"minecraft:killed_by":{"grimoireofgaia:goblin":1,"minecraft:player":1,"grimoireofgaia:harpy":1},"minecraft:crafted":{"minecraft:wooden_sword":1,"minecraft:wooden_shovel":1,"minecraft:stone_shovel":1,"minecraft:acacia_wood":3,"minecraft:wooden_hoe":1,"minecraft:crafting_table":1,"minecraft:stick":4,"minecraft:wooden_pickaxe":1,"minecraft:stone_pickaxe":2,"minecraft:stone_sword":1,"minecraft:acacia_planks":16,"minecraft:torch":4,"minecraft:stone_axe":1},"minecraft:picked_up":{"born_in_chaos_v1:corpse_maggot":1,"minecraft:stick":18,"minecraft:crafting_table":2,"grimoireofgaia:meat":1,"minecraft:torch":1,"minecraft:acacia_log":22,"farmersdelight:tomato_seeds":4,"minecraft:dirt":13,"minecraft:raw_copper":7,"minecraft:rotten_flesh":3,"werewolves:silver_pickaxe":1,"immersiveengineering:seed":8,"mysticalagriculture:inferium_essence":3,"minecraft:wheat_seeds":8,"minecraft:bucket":1,"minecraft:bread":6,"minecraft:coal":8,"minecraft:cobblestone":374},"minecraft:mined":{"minecraft:torch":1,"minecraft:grass":77,"minecraft:grass_block":7,"minecraft:dead_bush":1,"minecraft:dirt":4,"minecraft:copper_ore":2,"minecraft:tall_grass":24,"minecraft:cobblestone":44,"farmersdelight:wild_tomatoes":4,"minecraft:stone":334,"mysticalagriculture:inferium_ore":1},"minecraft:dropped":{"minecraft:crafting_table":2},"minecraft:used":{"minecraft:stone_pickaxe":130,"minecraft:wooden_pickaxe":31,"minecraft:stone_axe":48,"minecraft:torch":2,"minecraft:wooden_sword":35,"minecraft:crafting_table":1,"werewolves:silver_pickaxe":251},"minecraft:broken":{"minecraft:stone_pickaxe":1,"werewolves:silver_pickaxe":1},"minecraft:custom":{"minecraft:time_since_rest":16962,"minecraft:sprint_one_cm":8048,"minecraft:damage_taken":1097,"minecraft:walk_one_cm":206645,"minecraft:drop":2,"minecraft:damage_dealt":392,"minecraft:interact_with_crafting_table":11,"minecraft:fly_one_cm":6603,"minecraft:open_chest":3,"minecraft:play_time":43658,"minecraft:deaths":3,"minecraft:jump":260,"minecraft:damage_dealt_resisted":26,"minecraft:walk_on_water_one_cm":790,"minecraft:time_since_death":17701,"minecraft:total_world_time":43658,"minecraft:fall_one_cm":948}},"DataVersion":3120}