{"stats":{"minecraft:picked_up":{"minecraft:coal":1,"minecraft:oak_planks":64,"sophisticatedbackpacks:diamond_backpack":1},"minecraft:mined":{"minecraft:grass_block":1},"minecraft:used":{"minecraft:oak_planks":1,"minecraft:iron_chestplate":1,"minecraft:iron_helmet":1,"minecraft:iron_leggings":1},"minecraft:custom":{"minecraft:jump":18,"minecraft:time_since_rest":6798,"minecraft:sprint_one_cm":590,"minecraft:play_time":6798,"minecraft:time_since_death":6798,"minecraft:walk_one_cm":3089,"minecraft:total_world_time":6798,"minecraft:fall_one_cm":476,"minecraft:fly_one_cm":1305}},"DataVersion":3120}