{"stats":{"minecraft:crafted":{"minecraft:oak_planks":5,"minecraft:diamond":18,"minecraft:iron_hoe":1,"minecraft:dark_oak_planks":3,"scalinghealth:heart_crystal":1,"minecraft:air":32,"minecraft:torch":8},"minecraft:picked_up":{"minecraft:charcoal":6,"minecraft:wheat":25,"minecraft:chicken":8,"minecraft:clay_ball":240,"minecraft:flower_pot":1,"minecraft:smithing_table":1,"thermal:cinnabar":2,"born_in_chaos_v1:black_argillite_column":1,"alexsmobs:gazelle_horn":3,"minecraft:string":24,"minecraft:red_bed":1,"goblins:goblin_meat":1,"thermal:raw_nickel":2,"minecraft:item_frame":5,"minecraft:experience_bottle":2,"butchersdelight:dead_cow":1,"thermal:sulfur":16,"quark:indigo_corundum":1,"mysticalagriculture:inferium_essence":6,"alexsmobs:emu_feather":5,"minecraft:candle":19,"minecraft:gold_nugget":8,"minecraft:cobbled_deepslate":1,"thermal:niter":5,"minecraft:poppy":1,"dynamictrees:oak_seed":4,"minecraft:light_gray_wool":1,"alexsmobs:raccoon_tail":1,"minecraft:melon_slice":24,"minecraft:sugar_cane":20,"minecraft:spruce_trapdoor":1,"minecraft:egg":2,"minecraft:stick":33,"minecraft:acacia_fence":1,"mowziesmobs:sol_visage":1,"mysticalagriculture:prosperity_shard":6,"werewolves:raw_silver":7,"farmersdelight:tomato_seeds":1,"minecraft:target":1,"werewolves:wolfsbane":3,"minecraft:diorite":2,"minecraft:mangrove_sign":3,"minecraft:dark_oak_planks":16,"mowziesmobs:umvuthana_mask_faith":2,"minecraft:cactus":2,"butchersdelight:deadsheep":13,"minecraft:rotten_flesh":15,"minecraft:beetroot_seeds":1,"minecraft:hay_block":37,"minecraft:yellow_terracotta":16,"alexsmobs:emu_egg":3,"minecraft:gold_ingot":14,"minecraft:mutton":4,"minecraft:skeleton_skull":2,"alexsmobs:kangaroo_meat":5,"minecraft:white_wool":12,"minecraft:cobblestone":16,"mowziesmobs:umvuthana_mask_fury":1,"farmersdelight:rich_soil":2,"minecraft:feather":12,"minecraft:orange_carpet":1,"minecraft:leather":1,"butchersdelight:deadpig":5,"minecraft:flint":1,"minecraft:oak_log":22,"minecraft:lapis_lazuli":140,"minecraft:map":1,"farmersdelight:tomato":2,"minecraft:dirt":10,"minecraft:lantern":3,"butchersdelight:deadchiken":7,"farmersdelight:organic_compost":10,"minecraft:cooked_mutton":1,"minecraft:bone":14,"mowziesmobs:umvuthana_mask_rage":2,"minecraft:wheat_seeds":54,"minecraft:iron_ingot":3,"scalinghealth:power_crystal_shard":2,"minecraft:rabbit":1,"mowziesmobs:umvuthana_mask_misery":1,"minecraft:oak_planks":64,"minecraft:acacia_sapling":1,"sophisticatedbackpacks:diamond_backpack":1,"minecraft:book":88,"thermal:raw_tin":7,"scalinghealth:heart_crystal_shard":14,"minecraft:pumpkin":12,"minecraft:dandelion":3,"minecraft:gravel":30,"minecraft:sand":20,"undead_unleashed:grave_metal_scrap":9,"minecraft:blast_furnace":2,"quark:green_corundum":1,"alexsmobs:kangaroo_hide":5,"minecraft:yellow_carpet":1,"immersiveengineering:seed":3,"minecraft:diamond":1,"minecraft:soul_lantern":1,"alexsmobs:rattlesnake_rattle":1,"minecraft:granite":2,"minecraft:bone_meal":1,"minecraft:emerald":1,"mowziesmobs:umvuthana_mask_fear":1,"minecraft:melon_seeds":1,"minecraft:coal":65},"minecraft:killed":{"alexsmobs:raccoon":3,"mowziesmobs:umvuthi":1,"alexsmobs:tasmanian_devil":1,"alexsmobs:rattlesnake":1,"alexsmobs:blue_jay":1,"mowziesmobs:umvuthana_crane":5,"alexsmobs:kangaroo":3,"mowziesmobs:umvuthana":4,"alexsmobs:rhinoceros":2,"goblins:goblin_wondering":1,"alexsmobs:emu":3,"minecraft:sheep":13,"alexsmobs:elephant":3,"alexsmobs:gazelle":7},"minecraft:mined":{"minecraft:dark_oak_planks":16,"minecraft:yellow_terracotta":16,"mysticalagriculture:prosperity_ore":2,"scalinghealth:power_crystal_ore":2,"farmersdelight:rich_soil":2,"thermal:cinnabar_ore":2,"minecraft:candle":6,"thermal:sulfur_ore":4,"thermal:tin_ore":3,"born_in_chaos_v1:infected_diamond_ore":2,"minecraft:spruce_trapdoor":1,"minecraft:granite":2,"minecraft:grass_block":8,"minecraft:yellow_carpet":1,"minecraft:spawner":1,"minecraft:hay_block":37,"born_in_chaos_v1:black_argillite_column":2,"werewolves:wolfsbane":3,"minecraft:andesite":1,"minecraft:target":1,"minecraft:pumpkin":12,"minecraft:deepslate_lapis_ore":1,"minecraft:bookshelf":26,"quark:indigo_corundum":1,"minecraft:stone":13,"minecraft:smithing_table":1,"minecraft:glass_pane":4,"minecraft:red_bed":1,"farmersdelight:organic_compost":10,"minecraft:dandelion":3,"minecraft:soul_lantern":1,"undead_unleashed:ancient_dirt":3,"minecraft:clay":61,"minecraft:blast_furnace":2,"undead_unleashed:grave_soil":9,"minecraft:poppy":2,"minecraft:melon":4,"minecraft:dead_bush":10,"minecraft:campfire":3,"minecraft:tall_grass":1,"minecraft:cobblestone":6,"minecraft:lapis_ore":19,"minecraft:potted_acacia_sapling":1,"minecraft:sugar_cane":8,"minecraft:diorite":2,"minecraft:orange_carpet":1,"minecraft:cactus":2,"minecraft:wheat":18,"minecraft:white_carpet":1,"quark:green_corundum":1,"thermal:niter_ore":2,"minecraft:grass":23,"minecraft:acacia_fence":1,"minecraft:dirt":3,"minecraft:gravel":32,"minecraft:sand":20,"thermal:nickel_ore":2,"minecraft:cobweb":24,"minecraft:deepslate":1,"werewolves:silver_ore":7,"minecraft:fern":1,"thermal:deepslate_tin_ore":5},"minecraft:dropped":{"farmersdelight:tomato_seeds":6,"butchersdelight:dead_cow":1,"minecraft:wheat_seeds":2,"minecraft:cooked_porkchop":3,"minecraft:item_frame":1,"minecraft:dirt":2,"minecraft:mutton":4,"farmersdelight:onion":9,"minecraft:gold_nugget":8,"minecraft:bone_meal":1,"minecraft:dark_oak_planks":5,"minecraft:dandelion":3,"minecraft:detector_rail":1,"minecraft:wheat":1,"farmersdelight:cabbage_seeds":7,"minecraft:chicken":8,"minecraft:light_gray_wool":1,"minecraft:cooked_mutton":1,"minecraft:mangrove_sign":3,"minecraft:poppy":1,"minecraft:potato":2,"minecraft:beetroot_seeds":8,"minecraft:oak_sapling":6,"minecraft:acacia_sapling":2,"minecraft:arrow":2,"farmersdelight:tomato":2,"minecraft:egg":2},"minecraft:used":{"quark:indigo_corundum":1,"minecraft:iron_chestplate":1,"minecraft:torch":1,"minecraft:dirt":8,"scalinghealth:heart_crystal":8,"minecraft:wheat":3,"minecraft:yellow_carpet":1,"minecraft:iron_hoe":37,"minecraft:dark_oak_planks":23,"minecraft:lantern":1,"minecraft:iron_helmet":1,"minecraft:melon_seeds":1,"minecraft:item_frame":2,"minecraft:hay_block":1,"minecraft:acacia_fence":1,"minecraft:iron_leggings":1,"minecraft:wheat_seeds":16,"minecraft:diorite":1,"minecraft:oak_planks":49,"minecraft:diamond_axe":94,"minecraft:orange_carpet":1,"werewolves:wolfsbane":3,"minecraft:flower_pot":1,"minecraft:diamond_pickaxe":101,"minecraft:diamond_shovel":132,"born_in_chaos_v1:black_argillite_column":1,"minecraft:map":1,"minecraft:spruce_trapdoor":1,"minecraft:gravel":8,"minecraft:diamond_sword":191,"minecraft:cobblestone":3,"minecraft:candle":1,"minecraft:experience_bottle":12},"minecraft:custom":{"minecraft:interact_with_smithing_table":1,"minecraft:mob_kills":48,"minecraft:interact_with_crafting_table":1,"minecraft:open_barrel":5,"minecraft:damage_dealt_resisted":21,"minecraft:leave_game":1,"minecraft:time_since_death":80019,"minecraft:climb_one_cm":5359,"minecraft:sprint_one_cm":234434,"minecraft:walk_one_cm":136317,"minecraft:drop":29,"minecraft:talked_to_villager":6,"minecraft:play_time":89630,"minecraft:deaths":1,"minecraft:sneak_time":704,"minecraft:walk_under_water_one_cm":14312,"minecraft:jump":2050,"minecraft:walk_on_water_one_cm":17989,"minecraft:total_world_time":89630,"minecraft:interact_with_furnace":4,"minecraft:pot_flower":1,"minecraft:sleep_in_bed":1,"minecraft:time_since_rest":29308,"minecraft:damage_taken":2005,"minecraft:damage_dealt":13347,"minecraft:swim_one_cm":83017,"minecraft:fly_one_cm":371327,"minecraft:open_chest":30,"minecraft:crouch_one_cm":1375,"minecraft:fall_one_cm":59794}},"DataVersion":3120}