{"stats":{"minecraft:crafted":{"minecraft:oak_planks":5,"minecraft:diamond":18,"minecraft:iron_hoe":1,"minecraft:dark_oak_planks":3,"scalinghealth:heart_crystal":1,"minecraft:air":32,"minecraft:torch":8},"minecraft:picked_up":{"minecraft:charcoal":6,"minecraft:wheat":25,"minecraft:chicken":8,"minecraft:clay_ball":240,"minecraft:flower_pot":1,"born_in_chaos_v1:black_argillite_column":1,"alexsmobs:gazelle_horn":3,"goblins:goblin_meat":1,"minecraft:item_frame":5,"minecraft:experience_bottle":2,"butchersdelight:dead_cow":1,"quark:indigo_corundum":1,"mysticalagriculture:inferium_essence":6,"alexsmobs:emu_feather":5,"minecraft:candle":18,"minecraft:gold_nugget":8,"minecraft:poppy":1,"dynamictrees:oak_seed":4,"minecraft:light_gray_wool":1,"alexsmobs:raccoon_tail":1,"minecraft:melon_slice":24,"minecraft:sugar_cane":20,"minecraft:spruce_trapdoor":1,"minecraft:egg":2,"minecraft:stick":33,"minecraft:acacia_fence":1,"mowziesmobs:sol_visage":1,"minecraft:target":1,"werewolves:wolfsbane":3,"minecraft:mangrove_sign":3,"minecraft:dark_oak_planks":16,"mowziesmobs:umvuthana_mask_faith":2,"minecraft:cactus":2,"butchersdelight:deadsheep":13,"minecraft:rotten_flesh":15,"minecraft:beetroot_seeds":1,"minecraft:hay_block":36,"minecraft:yellow_terracotta":16,"alexsmobs:emu_egg":3,"minecraft:gold_ingot":14,"minecraft:mutton":4,"minecraft:skeleton_skull":2,"alexsmobs:kangaroo_meat":5,"minecraft:white_wool":12,"mowziesmobs:umvuthana_mask_fury":1,"farmersdelight:rich_soil":2,"minecraft:feather":12,"minecraft:orange_carpet":1,"minecraft:leather":1,"butchersdelight:deadpig":5,"minecraft:flint":1,"minecraft:oak_log":22,"minecraft:map":1,"minecraft:dirt":10,"minecraft:lantern":3,"butchersdelight:deadchiken":7,"farmersdelight:organic_compost":10,"minecraft:cooked_mutton":1,"minecraft:bone":14,"mowziesmobs:umvuthana_mask_rage":2,"minecraft:wheat_seeds":54,"minecraft:iron_ingot":3,"scalinghealth:power_crystal_shard":1,"minecraft:rabbit":1,"mowziesmobs:umvuthana_mask_misery":1,"minecraft:oak_planks":64,"minecraft:acacia_sapling":1,"sophisticatedbackpacks:diamond_backpack":1,"minecraft:book":88,"scalinghealth:heart_crystal_shard":14,"minecraft:pumpkin":12,"minecraft:dandelion":3,"minecraft:gravel":30,"minecraft:sand":20,"undead_unleashed:grave_metal_scrap":9,"quark:green_corundum":1,"alexsmobs:kangaroo_hide":5,"minecraft:yellow_carpet":1,"immersiveengineering:seed":3,"minecraft:diamond":1,"minecraft:soul_lantern":1,"alexsmobs:rattlesnake_rattle":1,"minecraft:bone_meal":1,"minecraft:emerald":1,"mowziesmobs:umvuthana_mask_fear":1,"minecraft:melon_seeds":1,"minecraft:coal":65},"minecraft:killed":{"alexsmobs:raccoon":3,"mowziesmobs:umvuthi":1,"alexsmobs:tasmanian_devil":1,"alexsmobs:rattlesnake":1,"alexsmobs:blue_jay":1,"mowziesmobs:umvuthana_crane":5,"alexsmobs:kangaroo":3,"mowziesmobs:umvuthana":4,"goblins:goblin_wondering":1,"alexsmobs:emu":3,"minecraft:sheep":13,"alexsmobs:elephant":3,"alexsmobs:gazelle":7},"minecraft:mined":{"minecraft:dark_oak_planks":16,"minecraft:yellow_terracotta":16,"scalinghealth:power_crystal_ore":1,"farmersdelight:rich_soil":2,"minecraft:candle":6,"minecraft:spruce_trapdoor":1,"minecraft:grass_block":8,"minecraft:yellow_carpet":1,"minecraft:hay_block":36,"born_in_chaos_v1:black_argillite_column":2,"werewolves:wolfsbane":3,"minecraft:target":1,"minecraft:pumpkin":12,"minecraft:bookshelf":26,"quark:indigo_corundum":1,"minecraft:glass_pane":2,"farmersdelight:organic_compost":10,"minecraft:dandelion":3,"minecraft:soul_lantern":1,"undead_unleashed:ancient_dirt":3,"minecraft:clay":61,"undead_unleashed:grave_soil":9,"minecraft:poppy":2,"minecraft:melon":4,"minecraft:dead_bush":10,"minecraft:campfire":3,"minecraft:potted_acacia_sapling":1,"minecraft:sugar_cane":8,"minecraft:orange_carpet":1,"minecraft:cactus":2,"minecraft:wheat":18,"minecraft:white_carpet":1,"quark:green_corundum":1,"minecraft:grass":23,"minecraft:acacia_fence":1,"minecraft:dirt":3,"minecraft:gravel":32,"minecraft:sand":20,"minecraft:fern":1},"minecraft:dropped":{"butchersdelight:dead_cow":1,"minecraft:wheat_seeds":2,"minecraft:cooked_porkchop":3,"minecraft:item_frame":1,"farmersdelight:onion":9,"minecraft:bone_meal":1,"minecraft:wheat":1,"minecraft:chicken":8,"minecraft:light_gray_wool":1,"minecraft:cooked_mutton":1,"minecraft:mangrove_sign":3,"minecraft:poppy":1,"minecraft:potato":2,"minecraft:acacia_sapling":2,"minecraft:arrow":2},"minecraft:used":{"quark:indigo_corundum":1,"minecraft:iron_chestplate":1,"minecraft:torch":1,"minecraft:dirt":8,"scalinghealth:heart_crystal":8,"minecraft:wheat":3,"minecraft:yellow_carpet":1,"minecraft:iron_hoe":36,"minecraft:dark_oak_planks":23,"minecraft:lantern":1,"minecraft:iron_helmet":1,"minecraft:melon_seeds":1,"minecraft:item_frame":2,"minecraft:acacia_fence":1,"minecraft:iron_leggings":1,"minecraft:wheat_seeds":16,"minecraft:oak_planks":28,"minecraft:diamond_axe":91,"minecraft:orange_carpet":1,"werewolves:wolfsbane":3,"minecraft:flower_pot":1,"minecraft:diamond_pickaxe":23,"minecraft:diamond_shovel":132,"born_in_chaos_v1:black_argillite_column":1,"minecraft:map":1,"minecraft:spruce_trapdoor":1,"minecraft:gravel":8,"minecraft:diamond_sword":146,"minecraft:experience_bottle":12},"minecraft:custom":{"minecraft:mob_kills":46,"minecraft:interact_with_crafting_table":1,"minecraft:damage_dealt_resisted":21,"minecraft:leave_game":1,"minecraft:time_since_death":56019,"minecraft:climb_one_cm":424,"minecraft:sprint_one_cm":164061,"minecraft:walk_one_cm":110928,"minecraft:drop":16,"minecraft:talked_to_villager":2,"minecraft:play_time":65630,"minecraft:deaths":1,"minecraft:sneak_time":459,"minecraft:walk_under_water_one_cm":4733,"minecraft:jump":1661,"minecraft:walk_on_water_one_cm":10574,"minecraft:total_world_time":65630,"minecraft:interact_with_furnace":1,"minecraft:pot_flower":1,"minecraft:sleep_in_bed":1,"minecraft:time_since_rest":5308,"minecraft:damage_taken":815,"minecraft:damage_dealt":12088,"minecraft:swim_one_cm":22043,"minecraft:fly_one_cm":303328,"minecraft:open_chest":22,"minecraft:crouch_one_cm":1051,"minecraft:fall_one_cm":50088}},"DataVersion":3120}