{"stats":{"minecraft:killed_by":{"born_in_chaos_v1:nightmare_stalker":1,"mowziesmobs:umvuthi":3,"mowziesmobs:umvuthana":2,"artifacts:mimic":2,"minecraft:player":2,"born_in_chaos_v1:zombie_lumberjack":1,"thermal:blitz":1,"mowziesmobs:umvuthana_crane":1,"born_in_chaos_v1:dread_hound":1},"minecraft:crafted":{"minecraft:oak_planks":5,"quark:birch_chest":1,"minecraft:stone":7,"securitycraft:laser_block":1,"minecraft:glass":13,"scalinghealth:power_crystal":1,"minecraft:crafting_table":1,"minecraft:birch_planks":14,"minecraft:iron_ingot":36,"minecraft:shears":1,"securitycraft:universal_block_reinforcer_lvl1":1,"minecraft:furnace":2,"minecraft:bone_meal":23,"minecraft:diamond":18,"securitycraft:universal_block_remover":1,"minecraft:iron_hoe":1,"minecraft:dark_oak_planks":3,"quark:birch_bookshelf":1,"scalinghealth:heart_crystal":3,"minecraft:air":152,"minecraft:jungle_planks":17,"minecraft:jungle_door":3,"minecraft:torch":8},"minecraft:picked_up":{"minecraft:wheat":25,"minecraft:flower_pot":1,"minecraft:smithing_table":1,"minecraft:enchanted_book":1,"alexsmobs:gazelle_horn":5,"minecraft:string":27,"minecraft:experience_bottle":3,"securitycraft:reinforced_dirt":14,"thermal:sulfur":16,"alexsmobs:emu_feather":5,"mysticalagriculture:inferium_essence":27,"minecraft:gold_nugget":10,"minecraft:cobbled_deepslate":1,"dynamictrees:oak_seed":4,"alexsmobs:raccoon_tail":1,"minecraft:melon_slice":24,"minecraft:furnace":2,"minecraft:tipped_arrow":3,"minecraft:stick":65,"born_in_chaos_v1:shattered_skull":1,"minecraft:jungle_door":2,"minecraft:acacia_fence":1,"mowziesmobs:sol_visage":1,"minecraft:torch":1,"mysticalagriculture:prosperity_shard":6,"minecraft:acacia_log":4,"minecraft:target":1,"werewolves:wolfsbane":3,"tombstone:grave_dust":2,"minecraft:diorite":2,"minecraft:cactus":2,"minecraft:rotten_flesh":17,"minecraft:iron_block":8,"alexsmobs:emu_egg":3,"minecraft:cobblestone":32,"minecraft:enchanting_table":1,"minecraft:feather":75,"minecraft:jungle_log":8,"minecraft:andesite":1,"minecraft:orange_carpet":1,"minecraft:flint":1,"butchersdelight:deadpig":5,"minecraft:map":1,"minecraft:lapis_lazuli":141,"farmersdelight:tomato":2,"minecraft:dirt":134,"minecraft:lantern":3,"immersiveengineering:hemp_fiber":28,"born_in_chaos_v1:marigolds":3,"minecraft:bone":18,"minecraft:bow":1,"minecraft:wheat_seeds":76,"minecraft:rabbit":1,"minecraft:oak_planks":65,"thermal:raw_tin":7,"minecraft:cooked_porkchop":1,"minecraft:sand":20,"dynamictrees:acacia_seed":3,"minecraft:acacia_stairs":2,"securitycraft:universal_block_remover":1,"alexsmobs:kangaroo_hide":5,"minecraft:yellow_carpet":1,"minecraft:diamond":1,"minecraft:soul_lantern":1,"alexsmobs:rattlesnake_rattle":1,"minecraft:crossbow":1,"minecraft:granite":2,"minecraft:bone_meal":1,"minecraft:emerald":2,"tconstruct:crafting_station":1,"minecraft:charcoal":6,"minecraft:crafting_table":2,"minecraft:chicken":8,"minecraft:clay_ball":240,"thermal:cinnabar":2,"minecraft:stripped_mangrove_log":3,"born_in_chaos_v1:black_argillite_column":1,"minecraft:red_bed":1,"goblins:goblin_meat":1,"thermal:raw_nickel":2,"minecraft:item_frame":9,"butchersdelight:dead_cow":1,"quark:indigo_corundum":1,"minecraft:candle":21,"thermal:niter":5,"minecraft:iron_nugget":5,"minecraft:poppy":5,"minecraft:light_gray_wool":1,"minecraft:sugar_cane":22,"minecraft:spruce_trapdoor":1,"minecraft:egg":2,"minecraft:stone":5,"grimoireofgaia:meat":5,"artifacts:charm_of_sinking":1,"werewolves:raw_silver":7,"farmersdelight:tomato_seeds":5,"minecraft:jungle_fence_gate":2,"minecraft:mangrove_sign":3,"minecraft:dark_oak_planks":16,"mowziesmobs:umvuthana_mask_faith":21,"butchersdelight:deadsheep":19,"minecraft:arrow":3,"minecraft:weeping_vines":2,"grimoireofgaia:bag_book":1,"minecraft:beetroot_seeds":1,"minecraft:hay_block":44,"minecraft:yellow_terracotta":16,"mowziesmobs:umvuthana_mask_bliss":11,"minecraft:gold_ingot":17,"sophisticatedbackpacks:copper_backpack":1,"minecraft:mutton":5,"alexsmobs:kangaroo_meat":5,"minecraft:skeleton_skull":5,"minecraft:white_wool":13,"mowziesmobs:umvuthana_mask_fury":3,"farmersdelight:rich_soil":3,"minecraft:leather":2,"minecraft:oak_log":22,"scalinghealth:heart_crystal":2,"minecraft:cooked_mutton":1,"farmersdelight:organic_compost":10,"butchersdelight:deadchiken":7,"minecraft:light_blue_banner":1,"mowziesmobs:umvuthana_mask_rage":7,"minecraft:iron_ingot":13,"securitycraft:universal_block_reinforcer_lvl1":1,"scalinghealth:power_crystal_shard":12,"tombstone:bag_of_seeds":1,"minecraft:acacia_sapling":1,"mowziesmobs:umvuthana_mask_misery":4,"sophisticatedbackpacks:diamond_backpack":1,"minecraft:book":95,"scalinghealth:heart_crystal_shard":29,"minecraft:pumpkin":12,"minecraft:dandelion":3,"minecraft:gravel":30,"undead_unleashed:grave_metal_scrap":9,"minecraft:blast_furnace":4,"quark:green_corundum":1,"minecraft:spider_eye":1,"securitycraft:reinforced_grass_block":1,"immersiveengineering:seed":36,"dynamictrees:jungle_seed":2,"minecraft:stripped_jungle_wood":1,"mowziesmobs:umvuthana_mask_fear":2,"minecraft:damaged_anvil":1,"minecraft:melon_seeds":1,"minecraft:coal":65},"minecraft:killed":{"mowziesmobs:umvuthi":1,"minecraft:spider":3,"grimoireofgaia:minotaurus":1,"grimoireofgaia:orc":1,"grimoireofgaia:goblin":3,"minecraft:skeleton":2,"mowziesmobs:umvuthana_crane":56,"alexsmobs:kangaroo":3,"artifacts:mimic":1,"mowziesmobs:umvuthana_follower_player":1,"minecraft:iron_golem":1,"minecraft:sheep":13,"minecraft:zombie":2,"alexsmobs:raccoon":3,"alexsmobs:tasmanian_devil":1,"alexsmobs:rattlesnake":1,"minecraft:phantom":3,"alexsmobs:blue_jay":1,"mowziesmobs:umvuthana":41,"born_in_chaos_v1:spirit_guide":1,"born_in_chaos_v1:spirit_guide_assistant":1,"alexsmobs:rhinoceros":2,"goblins:goblin_wondering":1,"alexsmobs:emu":3,"alexsmobs:elephant":3,"alexsmobs:gazelle":9},"minecraft:mined":{"thermal:deepslate_tin_ore":5,"minecraft:dark_oak_planks":16,"farmersdelight:rich_soil":3,"thermal:cinnabar_ore":2,"thermal:sulfur_ore":4,"thermal:tin_ore":3,"minecraft:spruce_trapdoor":1,"minecraft:granite":2,"minecraft:grass_block":78,"minecraft:yellow_carpet":1,"minecraft:spawner":1,"minecraft:target":1,"minecraft:pumpkin":12,"minecraft:deepslate_lapis_ore":1,"minecraft:enchanting_table":1,"minecraft:skeleton_wall_skull":1,"quark:indigo_corundum":1,"minecraft:jungle_door":2,"minecraft:red_bed":1,"farmersdelight:organic_compost":10,"minecraft:soul_lantern":1,"undead_unleashed:ancient_dirt":3,"minecraft:clay":61,"minecraft:torch":1,"minecraft:blast_furnace":4,"undead_unleashed:grave_soil":9,"minecraft:poppy":2,"minecraft:melon":4,"minecraft:dead_bush":10,"minecraft:cobblestone":16,"minecraft:sugar_cane":9,"minecraft:potted_acacia_sapling":1,"minecraft:oak_planks":1,"minecraft:damaged_anvil":1,"minecraft:skeleton_skull":1,"minecraft:wheat":18,"minecraft:grass":187,"thermal:niter_ore":2,"minecraft:acacia_fence":1,"minecraft:sand":20,"minecraft:dirt":74,"thermal:nickel_ore":2,"werewolves:silver_ore":7,"minecraft:deepslate":1,"minecraft:yellow_terracotta":16,"mysticalagriculture:prosperity_ore":2,"scalinghealth:power_crystal_ore":2,"minecraft:candle":6,"born_in_chaos_v1:infected_diamond_ore":2,"minecraft:stripped_jungle_wood":1,"born_in_chaos_v1:black_argillite_column":2,"minecraft:hay_block":44,"minecraft:light_blue_wall_banner":1,"minecraft:furnace":2,"immersiveengineering:hemp":11,"werewolves:wolfsbane":3,"minecraft:acacia_stairs":2,"minecraft:andesite":1,"minecraft:bookshelf":28,"minecraft:stone":14,"minecraft:jungle_fence_gate":2,"minecraft:smithing_table":1,"minecraft:acacia_leaves":1,"minecraft:glass_pane":6,"minecraft:dandelion":3,"minecraft:crafting_table":2,"dynamictrees:acacia_leaves":1,"minecraft:campfire":3,"minecraft:tall_grass":14,"minecraft:lapis_ore":19,"farmersdelight:wild_tomatoes":5,"minecraft:diorite":2,"minecraft:orange_carpet":1,"minecraft:cactus":2,"minecraft:white_carpet":1,"quark:green_corundum":1,"minecraft:gravel":32,"minecraft:cobweb":24,"minecraft:fern":1},"minecraft:dropped":{"minecraft:candle":2,"butchersdelight:dead_cow":1,"minecraft:cooked_porkchop":3,"minecraft:rail":8,"minecraft:item_frame":1,"minecraft:dirt":2,"tombstone:bag_of_seeds":1,"minecraft:mutton":5,"farmersdelight:onion":9,"minecraft:gold_nugget":9,"minecraft:bone_meal":1,"minecraft:dark_oak_planks":5,"minecraft:sugar_cane":2,"dynamictrees:oak_seed":4,"alexsmobs:gazelle_horn":2,"minecraft:iron_nugget":3,"minecraft:detector_rail":1,"minecraft:cobbled_deepslate":1,"butchersdelight:deadsheep":5,"minecraft:wheat":15,"minecraft:soul_lantern":1,"minecraft:rotten_flesh":3,"minecraft:cooked_mutton":1,"minecraft:mangrove_sign":3,"evilcraft:flesh_humanoid":3,"minecraft:poppy":5,"minecraft:skeleton_skull":1,"mysticalagriculture:inferium_essence":1,"minecraft:beetroot_seeds":8,"minecraft:melon_seeds":4,"minecraft:acacia_sapling":2,"minecraft:arrow":2,"grimoireofgaia:meat":3,"minecraft:egg":2,"farmersdelight:tomato_seeds":10,"minecraft:bread":6,"minecraft:wheat_seeds":3,"minecraft:iron_helmet":3,"minecraft:coal":4,"minecraft:stick":1,"minecraft:iron_block":8,"minecraft:diorite":1,"minecraft:rabbit":1,"tombstone:grave_dust":3,"minecraft:iron_leggings":2,"minecraft:dandelion":3,"farmersdelight:cabbage_seeds":7,"minecraft:chicken":8,"minecraft:light_gray_wool":1,"minecraft:iron_boots":1,"securitycraft:universal_block_remover":1,"minecraft:potato":2,"minecraft:iron_chestplate":1,"minecraft:andesite":1,"minecraft:oak_sapling":6,"minecraft:spider_eye":1,"securitycraft:universal_block_reinforcer_lvl1":2,"farmersdelight:tomato":2},"minecraft:used":{"quark:indigo_corundum":1,"immersiveengineering:seed":8,"minecraft:stripped_jungle_wood":1,"minecraft:iron_chestplate":1,"minecraft:glass":1,"minecraft:jungle_fence_gate":2,"minecraft:lantern":1,"minecraft:iron_helmet":1,"minecraft:item_frame":6,"minecraft:stripped_mangrove_log":3,"minecraft:hay_block":1,"quark:birch_bookshelf":3,"minecraft:furnace":4,"minecraft:acacia_fence":1,"minecraft:skeleton_skull":4,"grimoireofgaia:meat":1,"minecraft:diorite":1,"minecraft:damaged_anvil":1,"minecraft:oak_planks":85,"minecraft:diamond_axe":120,"minecraft:blast_furnace":4,"securitycraft:universal_block_remover":15,"securitycraft:reinforced_grass_block":1,"minecraft:bread":66,"dynamictrees:acacia_seed":3,"minecraft:gravel":8,"minecraft:diamond_sword":694,"tconstruct:crafting_station":1,"minecraft:bone_meal":14,"minecraft:golden_pickaxe":16,"minecraft:experience_bottle":55,"minecraft:enchanting_table":2,"quark:birch_chest":1,"minecraft:acacia_log":4,"farmersdelight:rich_soil":3,"minecraft:torch":1,"minecraft:dirt":185,"minecraft:target":1,"scalinghealth:heart_crystal":12,"minecraft:wheat":3,"minecraft:yellow_carpet":1,"securitycraft:reinforced_dirt":14,"minecraft:iron_hoe":43,"minecraft:dark_oak_planks":23,"minecraft:iron_boots":1,"scalinghealth:power_crystal":1,"minecraft:melon_seeds":1,"tombstone:gift":2,"minecraft:iron_leggings":1,"minecraft:wheat_seeds":16,"minecraft:orange_carpet":1,"minecraft:crafting_table":3,"minecraft:red_bed":1,"werewolves:wolfsbane":3,"minecraft:flower_pot":1,"minecraft:diamond_pickaxe":121,"minecraft:acacia_stairs":2,"minecraft:diamond_shovel":278,"born_in_chaos_v1:black_argillite_column":1,"minecraft:map":1,"minecraft:spruce_trapdoor":1,"minecraft:cobblestone":113,"minecraft:cooked_porkchop":1,"minecraft:jungle_door":3,"quark:oak_chest":1,"dynamictrees:jungle_seed":1,"minecraft:candle":1},"minecraft:broken":{"minecraft:iron_boots":3,"vampirism:armor_of_swiftness_head_ultimate":1,"minecraft:iron_chestplate":2,"minecraft:iron_leggings":1,"vampirism:armor_of_swiftness_legs_ultimate":1,"mowziesmobs:umvuthana_mask_misery":1,"minecraft:golden_pickaxe":1},"minecraft:custom":{"minecraft:interact_with_crafting_table":9,"minecraft:open_barrel":6,"minecraft:bell_ring":2,"minecraft:leave_game":2,"minecraft:time_since_death":7062,"minecraft:damage_resisted":7518,"minecraft:sprint_one_cm":654988,"minecraft:drop":95,"minecraft:talked_to_villager":8,"minecraft:play_time":224775,"minecraft:deaths":15,"minecraft:jump":5697,"minecraft:walk_on_water_one_cm":24102,"minecraft:enchant_item":5,"minecraft:interact_with_furnace":35,"minecraft:interact_with_loom":1,"minecraft:sleep_in_bed":1,"minecraft:damage_dealt":41174,"minecraft:player_kills":5,"minecraft:crouch_one_cm":3014,"tombstone:undead_killed":6,"minecraft:interact_with_smithing_table":1,"minecraft:interact_with_anvil":1,"minecraft:mob_kills":166,"minecraft:damage_dealt_resisted":205,"minecraft:climb_one_cm":17415,"minecraft:walk_one_cm":453659,"minecraft:sneak_time":2288,"minecraft:walk_under_water_one_cm":15694,"minecraft:interact_with_blast_furnace":9,"minecraft:total_world_time":224775,"minecraft:pot_flower":1,"minecraft:time_since_rest":6572,"minecraft:damage_taken":40617,"minecraft:swim_one_cm":89749,"minecraft:fly_one_cm":999377,"minecraft:open_chest":66,"minecraft:fall_one_cm":167310}},"DataVersion":3120}