{"stats":{"minecraft:crafted":{"minecraft:oak_planks":5,"minecraft:air":20,"minecraft:diamond":18,"minecraft:torch":8},"minecraft:picked_up":{"butchersdelight:deadpig":1,"minecraft:oak_log":22,"born_in_chaos_v1:black_argillite_column":1,"minecraft:dirt":3,"minecraft:lantern":1,"goblins:goblin_meat":1,"butchersdelight:deadchiken":3,"quark:indigo_corundum":1,"minecraft:wheat_seeds":1,"mysticalagriculture:inferium_essence":2,"scalinghealth:power_crystal_shard":1,"dynamictrees:oak_seed":4,"minecraft:poppy":1,"minecraft:light_gray_wool":1,"alexsmobs:raccoon_tail":1,"minecraft:melon_slice":24,"minecraft:sugar_cane":17,"minecraft:oak_planks":64,"mowziesmobs:umvuthana_mask_misery":1,"sophisticatedbackpacks:diamond_backpack":1,"minecraft:egg":2,"minecraft:stick":33,"minecraft:pumpkin":12,"minecraft:dandelion":3,"werewolves:wolfsbane":3,"quark:green_corundum":1,"minecraft:cactus":2,"butchersdelight:deadsheep":9,"immersiveengineering:seed":1,"minecraft:beetroot_seeds":1,"minecraft:soul_lantern":1,"alexsmobs:rattlesnake_rattle":1,"alexsmobs:emu_egg":3,"minecraft:coal":65,"minecraft:white_wool":8},"minecraft:killed":{"alexsmobs:raccoon":3,"alexsmobs:tasmanian_devil":1,"alexsmobs:rattlesnake":1,"goblins:goblin_wondering":1,"minecraft:sheep":9,"alexsmobs:blue_jay":1},"minecraft:mined":{"scalinghealth:power_crystal_ore":1,"minecraft:dandelion":3,"minecraft:soul_lantern":1,"minecraft:grass_block":1,"minecraft:poppy":2,"minecraft:melon":4,"minecraft:dead_bush":10,"minecraft:sugar_cane":7,"born_in_chaos_v1:black_argillite_column":2,"minecraft:cactus":2,"werewolves:wolfsbane":3,"minecraft:white_carpet":1,"quark:green_corundum":1,"minecraft:pumpkin":12,"minecraft:grass":10,"minecraft:dirt":3,"quark:indigo_corundum":1,"minecraft:fern":1},"minecraft:dropped":{"minecraft:light_gray_wool":1},"minecraft:used":{"quark:indigo_corundum":1,"minecraft:oak_planks":14,"minecraft:diamond_axe":33,"minecraft:iron_chestplate":1,"minecraft:torch":1,"minecraft:dirt":3,"scalinghealth:heart_crystal":1,"werewolves:wolfsbane":3,"minecraft:diamond_pickaxe":7,"born_in_chaos_v1:black_argillite_column":1,"minecraft:iron_helmet":1,"minecraft:diamond_sword":28,"minecraft:iron_leggings":1},"minecraft:custom":{"minecraft:interact_with_furnace":1,"minecraft:mob_kills":16,"minecraft:leave_game":1,"minecraft:time_since_death":20019,"minecraft:climb_one_cm":424,"minecraft:time_since_rest":19685,"minecraft:sprint_one_cm":75063,"minecraft:damage_taken":475,"minecraft:walk_one_cm":36580,"minecraft:drop":1,"minecraft:damage_dealt":1798,"minecraft:swim_one_cm":20683,"minecraft:fly_one_cm":153763,"minecraft:open_chest":6,"minecraft:crouch_one_cm":978,"minecraft:play_time":29630,"minecraft:deaths":1,"minecraft:sneak_time":428,"minecraft:walk_under_water_one_cm":4302,"minecraft:jump":633,"minecraft:walk_on_water_one_cm":4148,"minecraft:total_world_time":29630,"minecraft:fall_one_cm":18077}},"DataVersion":3120}