{"stats":{"minecraft:crafted":{"minecraft:diamond":18,"minecraft:torch":8},"minecraft:picked_up":{"minecraft:stick":33,"minecraft:pumpkin":8,"minecraft:dandelion":3,"minecraft:oak_log":22,"quark:green_corundum":1,"born_in_chaos_v1:black_argillite_column":1,"minecraft:dirt":3,"goblins:goblin_meat":1,"butchersdelight:deadchiken":3,"minecraft:cactus":2,"quark:indigo_corundum":1,"immersiveengineering:seed":1,"minecraft:wheat_seeds":1,"minecraft:soul_lantern":1,"alexsmobs:rattlesnake_rattle":1,"scalinghealth:power_crystal_shard":1,"alexsmobs:emu_egg":3,"minecraft:poppy":1,"dynamictrees:oak_seed":4,"minecraft:melon_slice":24,"minecraft:sugar_cane":17,"minecraft:oak_planks":64,"minecraft:coal":65,"sophisticatedbackpacks:diamond_backpack":1,"minecraft:egg":2},"minecraft:killed":{"alexsmobs:raccoon":1,"alexsmobs:tasmanian_devil":1,"alexsmobs:rattlesnake":1,"goblins:goblin_wondering":1},"minecraft:mined":{"born_in_chaos_v1:black_argillite_column":2,"minecraft:cactus":2,"scalinghealth:power_crystal_ore":1,"quark:green_corundum":1,"minecraft:dandelion":3,"minecraft:soul_lantern":1,"minecraft:pumpkin":8,"minecraft:grass":5,"minecraft:grass_block":1,"minecraft:poppy":2,"minecraft:melon":4,"minecraft:dead_bush":10,"minecraft:dirt":3,"quark:indigo_corundum":1,"minecraft:sugar_cane":7,"minecraft:fern":1},"minecraft:used":{"quark:indigo_corundum":1,"minecraft:diamond_pickaxe":7,"born_in_chaos_v1:black_argillite_column":1,"minecraft:oak_planks":1,"minecraft:iron_helmet":1,"minecraft:diamond_axe":27,"minecraft:iron_chestplate":1,"minecraft:diamond_sword":7,"minecraft:dirt":3,"minecraft:iron_leggings":1},"minecraft:custom":{"minecraft:time_since_rest":9279,"minecraft:sprint_one_cm":41548,"minecraft:damage_taken":385,"minecraft:walk_one_cm":21089,"minecraft:mob_kills":4,"minecraft:damage_dealt":587,"minecraft:swim_one_cm":20393,"minecraft:fly_one_cm":72414,"minecraft:crouch_one_cm":3,"minecraft:play_time":19224,"minecraft:deaths":1,"minecraft:sneak_time":51,"minecraft:walk_under_water_one_cm":4217,"minecraft:jump":302,"minecraft:leave_game":1,"minecraft:time_since_death":9613,"minecraft:walk_on_water_one_cm":3825,"minecraft:total_world_time":19224,"minecraft:fall_one_cm":6144}},"DataVersion":3120}