{"stats":{"minecraft:crafted":{"minecraft:oak_planks":5,"scalinghealth:heart_crystal":1,"minecraft:air":32,"minecraft:diamond":18,"minecraft:dark_oak_planks":3,"minecraft:torch":8},"minecraft:picked_up":{"mowziesmobs:umvuthana_mask_fury":1,"minecraft:charcoal":2,"minecraft:wheat":24,"minecraft:feather":12,"minecraft:flower_pot":1,"minecraft:clay_ball":152,"minecraft:flint":1,"butchersdelight:deadpig":5,"minecraft:oak_log":22,"minecraft:map":1,"alexsmobs:gazelle_horn":3,"born_in_chaos_v1:black_argillite_column":1,"minecraft:dirt":10,"minecraft:lantern":1,"goblins:goblin_meat":1,"butchersdelight:deadchiken":7,"minecraft:item_frame":1,"minecraft:bone":14,"mowziesmobs:umvuthana_mask_rage":2,"quark:indigo_corundum":1,"alexsmobs:emu_feather":5,"minecraft:gold_nugget":8,"minecraft:candle":18,"minecraft:wheat_seeds":54,"mysticalagriculture:inferium_essence":6,"minecraft:iron_ingot":1,"scalinghealth:power_crystal_shard":1,"dynamictrees:oak_seed":4,"minecraft:poppy":1,"minecraft:light_gray_wool":1,"alexsmobs:raccoon_tail":1,"minecraft:melon_slice":24,"minecraft:sugar_cane":20,"minecraft:acacia_sapling":1,"minecraft:spruce_trapdoor":1,"minecraft:oak_planks":64,"mowziesmobs:umvuthana_mask_misery":1,"sophisticatedbackpacks:diamond_backpack":1,"minecraft:egg":2,"minecraft:book":42,"minecraft:stick":33,"scalinghealth:heart_crystal_shard":14,"minecraft:pumpkin":12,"mowziesmobs:sol_visage":1,"minecraft:dandelion":3,"minecraft:gravel":30,"minecraft:sand":20,"werewolves:wolfsbane":3,"undead_unleashed:grave_metal_scrap":9,"minecraft:mangrove_sign":3,"quark:green_corundum":1,"minecraft:dark_oak_planks":16,"mowziesmobs:umvuthana_mask_faith":2,"alexsmobs:kangaroo_hide":5,"minecraft:cactus":2,"butchersdelight:deadsheep":13,"minecraft:rotten_flesh":15,"minecraft:diamond":1,"immersiveengineering:seed":3,"minecraft:beetroot_seeds":1,"minecraft:soul_lantern":1,"alexsmobs:rattlesnake_rattle":1,"minecraft:bone_meal":1,"minecraft:yellow_terracotta":16,"alexsmobs:emu_egg":3,"minecraft:gold_ingot":11,"minecraft:emerald":1,"mowziesmobs:umvuthana_mask_fear":1,"minecraft:mutton":4,"alexsmobs:kangaroo_meat":5,"minecraft:skeleton_skull":2,"minecraft:coal":65,"minecraft:white_wool":12},"minecraft:killed":{"mowziesmobs:umvuthi":1,"alexsmobs:raccoon":3,"alexsmobs:tasmanian_devil":1,"alexsmobs:rattlesnake":1,"goblins:goblin_wondering":1,"alexsmobs:emu":3,"minecraft:sheep":13,"alexsmobs:blue_jay":1,"alexsmobs:elephant":3,"alexsmobs:gazelle":7,"mowziesmobs:umvuthana_crane":5,"alexsmobs:kangaroo":3,"mowziesmobs:umvuthana":4},"minecraft:mined":{"minecraft:dark_oak_planks":16,"minecraft:yellow_terracotta":16,"scalinghealth:power_crystal_ore":1,"minecraft:candle":6,"minecraft:dandelion":3,"minecraft:soul_lantern":1,"undead_unleashed:ancient_dirt":3,"minecraft:clay":38,"minecraft:spruce_trapdoor":1,"undead_unleashed:grave_soil":9,"minecraft:grass_block":8,"minecraft:poppy":2,"minecraft:melon":4,"minecraft:dead_bush":10,"minecraft:campfire":1,"minecraft:potted_acacia_sapling":1,"minecraft:sugar_cane":8,"born_in_chaos_v1:black_argillite_column":2,"minecraft:cactus":2,"minecraft:wheat":18,"werewolves:wolfsbane":3,"minecraft:white_carpet":1,"quark:green_corundum":1,"minecraft:pumpkin":12,"minecraft:grass":21,"minecraft:bookshelf":12,"minecraft:gravel":32,"minecraft:sand":20,"minecraft:dirt":3,"quark:indigo_corundum":1,"minecraft:fern":1},"minecraft:dropped":{"minecraft:wheat_seeds":2,"minecraft:wheat":1,"minecraft:light_gray_wool":1},"minecraft:used":{"minecraft:wheat_seeds":16,"quark:indigo_corundum":1,"minecraft:oak_planks":20,"minecraft:diamond_axe":73,"minecraft:iron_chestplate":1,"minecraft:torch":1,"minecraft:wheat":3,"minecraft:dirt":8,"scalinghealth:heart_crystal":6,"werewolves:wolfsbane":3,"minecraft:flower_pot":1,"minecraft:dark_oak_planks":23,"minecraft:diamond_pickaxe":23,"minecraft:diamond_shovel":97,"born_in_chaos_v1:black_argillite_column":1,"minecraft:map":1,"minecraft:iron_helmet":1,"minecraft:spruce_trapdoor":1,"minecraft:gravel":8,"minecraft:diamond_sword":146,"minecraft:iron_leggings":1},"minecraft:custom":{"minecraft:interact_with_furnace":1,"minecraft:mob_kills":46,"minecraft:pot_flower":1,"minecraft:damage_dealt_resisted":21,"minecraft:leave_game":1,"minecraft:time_since_death":44019,"minecraft:climb_one_cm":424,"minecraft:time_since_rest":43685,"minecraft:sprint_one_cm":133974,"minecraft:damage_taken":805,"minecraft:walk_one_cm":81833,"minecraft:drop":4,"minecraft:damage_dealt":11978,"minecraft:swim_one_cm":22043,"minecraft:fly_one_cm":283614,"minecraft:open_chest":12,"minecraft:crouch_one_cm":978,"minecraft:play_time":53630,"minecraft:deaths":1,"minecraft:sneak_time":434,"minecraft:walk_under_water_one_cm":4733,"minecraft:jump":1488,"minecraft:walk_on_water_one_cm":10275,"minecraft:total_world_time":53630,"minecraft:fall_one_cm":47328}},"DataVersion":3120}