{"stats":{"minecraft:crafted":{"minecraft:oak_planks":5,"minecraft:air":32,"minecraft:diamond":18,"minecraft:dark_oak_planks":3,"minecraft:torch":8},"minecraft:picked_up":{"mowziesmobs:umvuthana_mask_fury":1,"minecraft:charcoal":2,"minecraft:feather":12,"butchersdelight:deadpig":1,"minecraft:oak_log":22,"born_in_chaos_v1:black_argillite_column":1,"minecraft:dirt":3,"minecraft:lantern":1,"goblins:goblin_meat":1,"butchersdelight:deadchiken":3,"minecraft:bone":14,"mowziesmobs:umvuthana_mask_rage":2,"quark:indigo_corundum":1,"alexsmobs:emu_feather":5,"minecraft:gold_nugget":8,"minecraft:candle":18,"minecraft:wheat_seeds":3,"mysticalagriculture:inferium_essence":5,"scalinghealth:power_crystal_shard":1,"dynamictrees:oak_seed":4,"minecraft:poppy":1,"minecraft:light_gray_wool":1,"alexsmobs:raccoon_tail":1,"minecraft:melon_slice":24,"minecraft:sugar_cane":17,"minecraft:oak_planks":64,"mowziesmobs:umvuthana_mask_misery":1,"sophisticatedbackpacks:diamond_backpack":1,"minecraft:egg":2,"minecraft:stick":33,"scalinghealth:heart_crystal_shard":6,"minecraft:pumpkin":12,"mowziesmobs:sol_visage":1,"minecraft:dandelion":3,"werewolves:wolfsbane":3,"undead_unleashed:grave_metal_scrap":9,"minecraft:mangrove_sign":3,"quark:green_corundum":1,"mowziesmobs:umvuthana_mask_faith":2,"alexsmobs:kangaroo_hide":5,"minecraft:cactus":2,"butchersdelight:deadsheep":12,"minecraft:rotten_flesh":15,"minecraft:diamond":1,"immersiveengineering:seed":2,"minecraft:beetroot_seeds":1,"minecraft:soul_lantern":1,"alexsmobs:rattlesnake_rattle":1,"alexsmobs:emu_egg":3,"minecraft:gold_ingot":9,"mowziesmobs:umvuthana_mask_fear":1,"alexsmobs:kangaroo_meat":5,"minecraft:skeleton_skull":2,"minecraft:coal":65,"minecraft:white_wool":11},"minecraft:killed":{"mowziesmobs:umvuthi":1,"alexsmobs:raccoon":3,"alexsmobs:tasmanian_devil":1,"alexsmobs:rattlesnake":1,"goblins:goblin_wondering":1,"alexsmobs:emu":3,"minecraft:sheep":12,"alexsmobs:blue_jay":1,"alexsmobs:elephant":1,"alexsmobs:gazelle":1,"mowziesmobs:umvuthana_crane":5,"alexsmobs:kangaroo":3,"mowziesmobs:umvuthana":4},"minecraft:mined":{"scalinghealth:power_crystal_ore":1,"minecraft:candle":6,"minecraft:dandelion":3,"minecraft:soul_lantern":1,"undead_unleashed:ancient_dirt":3,"undead_unleashed:grave_soil":9,"minecraft:grass_block":1,"minecraft:poppy":2,"minecraft:melon":4,"minecraft:dead_bush":10,"minecraft:campfire":1,"minecraft:sugar_cane":7,"born_in_chaos_v1:black_argillite_column":2,"minecraft:cactus":2,"werewolves:wolfsbane":3,"minecraft:white_carpet":1,"quark:green_corundum":1,"minecraft:pumpkin":12,"minecraft:grass":17,"minecraft:dirt":3,"quark:indigo_corundum":1,"minecraft:fern":1},"minecraft:dropped":{"minecraft:wheat_seeds":1,"minecraft:light_gray_wool":1},"minecraft:used":{"quark:indigo_corundum":1,"minecraft:oak_planks":20,"minecraft:diamond_axe":44,"minecraft:iron_chestplate":1,"minecraft:torch":1,"minecraft:dirt":3,"scalinghealth:heart_crystal":5,"werewolves:wolfsbane":3,"minecraft:diamond_pickaxe":7,"born_in_chaos_v1:black_argillite_column":1,"minecraft:iron_helmet":1,"minecraft:diamond_sword":108,"minecraft:iron_leggings":1},"minecraft:custom":{"minecraft:interact_with_furnace":1,"minecraft:mob_kills":37,"minecraft:damage_dealt_resisted":21,"minecraft:leave_game":1,"minecraft:time_since_death":32019,"minecraft:climb_one_cm":424,"minecraft:time_since_rest":31685,"minecraft:sprint_one_cm":104346,"minecraft:damage_taken":635,"minecraft:walk_one_cm":54987,"minecraft:drop":2,"minecraft:damage_dealt":9403,"minecraft:swim_one_cm":22043,"minecraft:fly_one_cm":215650,"minecraft:open_chest":9,"minecraft:crouch_one_cm":978,"minecraft:play_time":41630,"minecraft:deaths":1,"minecraft:sneak_time":429,"minecraft:walk_under_water_one_cm":4421,"minecraft:jump":1099,"minecraft:walk_on_water_one_cm":4496,"minecraft:total_world_time":41630,"minecraft:fall_one_cm":33294}},"DataVersion":3120}