{"stats":{"minecraft:killed_by":{"thermal:blitz":1,"mowziesmobs:umvuthi":3,"mowziesmobs:umvuthana":2,"artifacts:mimic":2},"minecraft:crafted":{"minecraft:oak_planks":5,"minecraft:diamond":18,"minecraft:iron_hoe":1,"minecraft:dark_oak_planks":3,"scalinghealth:power_crystal":1,"scalinghealth:heart_crystal":1,"minecraft:air":32,"minecraft:iron_ingot":36,"minecraft:torch":8},"minecraft:picked_up":{"minecraft:charcoal":6,"minecraft:wheat":25,"minecraft:chicken":8,"minecraft:clay_ball":240,"minecraft:flower_pot":1,"minecraft:smithing_table":1,"thermal:cinnabar":2,"minecraft:enchanted_book":1,"minecraft:stripped_mangrove_log":3,"born_in_chaos_v1:black_argillite_column":1,"alexsmobs:gazelle_horn":5,"minecraft:string":27,"minecraft:red_bed":1,"goblins:goblin_meat":1,"thermal:raw_nickel":2,"minecraft:item_frame":9,"minecraft:experience_bottle":3,"butchersdelight:dead_cow":1,"thermal:sulfur":16,"quark:indigo_corundum":1,"mysticalagriculture:inferium_essence":23,"alexsmobs:emu_feather":5,"minecraft:candle":21,"minecraft:gold_nugget":8,"minecraft:cobbled_deepslate":1,"minecraft:iron_nugget":1,"thermal:niter":5,"minecraft:poppy":5,"dynamictrees:oak_seed":4,"minecraft:light_gray_wool":1,"alexsmobs:raccoon_tail":1,"minecraft:melon_slice":24,"minecraft:sugar_cane":22,"grimoireofgaia:meat":1,"minecraft:spruce_trapdoor":1,"minecraft:egg":2,"minecraft:tipped_arrow":3,"minecraft:stick":33,"minecraft:acacia_fence":1,"artifacts:charm_of_sinking":1,"mowziesmobs:sol_visage":1,"mysticalagriculture:prosperity_shard":6,"tombstone:grave_dust":1,"werewolves:raw_silver":7,"farmersdelight:tomato_seeds":5,"minecraft:target":1,"werewolves:wolfsbane":3,"minecraft:diorite":2,"minecraft:mangrove_sign":3,"minecraft:dark_oak_planks":16,"mowziesmobs:umvuthana_mask_faith":18,"minecraft:arrow":1,"minecraft:weeping_vines":2,"minecraft:cactus":2,"butchersdelight:deadsheep":13,"minecraft:rotten_flesh":17,"minecraft:beetroot_seeds":1,"minecraft:hay_block":44,"mowziesmobs:umvuthana_mask_bliss":6,"minecraft:yellow_terracotta":16,"alexsmobs:emu_egg":3,"minecraft:gold_ingot":17,"minecraft:mutton":5,"minecraft:skeleton_skull":3,"alexsmobs:kangaroo_meat":5,"minecraft:white_wool":12,"minecraft:cobblestone":19,"mowziesmobs:umvuthana_mask_fury":1,"farmersdelight:rich_soil":2,"minecraft:feather":66,"minecraft:andesite":1,"minecraft:orange_carpet":1,"minecraft:leather":1,"butchersdelight:deadpig":5,"minecraft:flint":1,"minecraft:oak_log":22,"scalinghealth:heart_crystal":2,"minecraft:lapis_lazuli":141,"minecraft:map":1,"farmersdelight:tomato":2,"minecraft:dirt":10,"minecraft:lantern":3,"butchersdelight:deadchiken":7,"farmersdelight:organic_compost":10,"minecraft:cooked_mutton":1,"minecraft:bone":15,"minecraft:light_blue_banner":1,"mowziesmobs:umvuthana_mask_rage":2,"minecraft:bow":1,"minecraft:wheat_seeds":62,"minecraft:iron_ingot":13,"scalinghealth:power_crystal_shard":12,"minecraft:rabbit":1,"mowziesmobs:umvuthana_mask_misery":4,"minecraft:oak_planks":65,"minecraft:acacia_sapling":1,"sophisticatedbackpacks:diamond_backpack":1,"minecraft:book":95,"thermal:raw_tin":7,"scalinghealth:heart_crystal_shard":14,"minecraft:cooked_porkchop":1,"minecraft:pumpkin":12,"minecraft:dandelion":3,"minecraft:gravel":30,"minecraft:sand":20,"undead_unleashed:grave_metal_scrap":9,"minecraft:blast_furnace":2,"minecraft:spider_eye":1,"minecraft:acacia_stairs":2,"quark:green_corundum":1,"alexsmobs:kangaroo_hide":5,"minecraft:yellow_carpet":1,"immersiveengineering:seed":14,"minecraft:diamond":1,"minecraft:soul_lantern":1,"minecraft:stripped_jungle_wood":1,"minecraft:crossbow":1,"alexsmobs:rattlesnake_rattle":1,"minecraft:granite":2,"minecraft:bone_meal":1,"minecraft:emerald":2,"mowziesmobs:umvuthana_mask_fear":2,"minecraft:damaged_anvil":1,"minecraft:melon_seeds":1,"minecraft:coal":65},"minecraft:killed":{"alexsmobs:raccoon":3,"mowziesmobs:umvuthi":1,"minecraft:spider":3,"alexsmobs:tasmanian_devil":1,"alexsmobs:rattlesnake":1,"grimoireofgaia:goblin":1,"minecraft:phantom":3,"minecraft:skeleton":1,"alexsmobs:blue_jay":1,"mowziesmobs:umvuthana_crane":52,"alexsmobs:kangaroo":3,"mowziesmobs:umvuthana":36,"artifacts:mimic":1,"mowziesmobs:umvuthana_follower_player":1,"minecraft:iron_golem":1,"alexsmobs:rhinoceros":2,"goblins:goblin_wondering":1,"alexsmobs:emu":3,"minecraft:sheep":13,"minecraft:zombie":1,"alexsmobs:elephant":3,"alexsmobs:gazelle":9},"minecraft:mined":{"minecraft:dark_oak_planks":16,"minecraft:yellow_terracotta":16,"mysticalagriculture:prosperity_ore":2,"scalinghealth:power_crystal_ore":2,"farmersdelight:rich_soil":2,"thermal:cinnabar_ore":2,"minecraft:candle":6,"thermal:sulfur_ore":4,"thermal:tin_ore":3,"born_in_chaos_v1:infected_diamond_ore":2,"minecraft:spruce_trapdoor":1,"minecraft:granite":2,"minecraft:grass_block":8,"minecraft:yellow_carpet":1,"minecraft:stripped_jungle_wood":1,"minecraft:spawner":1,"minecraft:hay_block":44,"born_in_chaos_v1:black_argillite_column":2,"minecraft:light_blue_wall_banner":1,"werewolves:wolfsbane":3,"minecraft:acacia_stairs":2,"minecraft:andesite":1,"minecraft:target":1,"minecraft:pumpkin":12,"minecraft:deepslate_lapis_ore":1,"minecraft:bookshelf":28,"quark:indigo_corundum":1,"minecraft:stone":13,"minecraft:smithing_table":1,"minecraft:acacia_leaves":1,"minecraft:glass_pane":6,"minecraft:red_bed":1,"farmersdelight:organic_compost":10,"minecraft:dandelion":3,"minecraft:soul_lantern":1,"undead_unleashed:ancient_dirt":3,"minecraft:clay":61,"dynamictrees:acacia_leaves":1,"minecraft:blast_furnace":2,"undead_unleashed:grave_soil":9,"minecraft:poppy":2,"minecraft:melon":4,"minecraft:dead_bush":10,"minecraft:campfire":3,"minecraft:tall_grass":13,"minecraft:cobblestone":9,"minecraft:oak_planks":1,"farmersdelight:wild_tomatoes":5,"minecraft:lapis_ore":19,"minecraft:potted_acacia_sapling":1,"minecraft:sugar_cane":9,"minecraft:damaged_anvil":1,"minecraft:diorite":2,"minecraft:orange_carpet":1,"minecraft:cactus":2,"minecraft:wheat":18,"minecraft:white_carpet":1,"quark:green_corundum":1,"thermal:niter_ore":2,"minecraft:grass":94,"minecraft:acacia_fence":1,"minecraft:dirt":3,"minecraft:gravel":32,"minecraft:sand":20,"thermal:nickel_ore":2,"minecraft:cobweb":24,"minecraft:deepslate":1,"werewolves:silver_ore":7,"minecraft:fern":1,"thermal:deepslate_tin_ore":5},"minecraft:dropped":{"farmersdelight:tomato_seeds":10,"minecraft:candle":2,"butchersdelight:dead_cow":1,"minecraft:wheat_seeds":3,"minecraft:cooked_porkchop":3,"minecraft:iron_helmet":1,"minecraft:rail":8,"minecraft:coal":4,"minecraft:item_frame":1,"minecraft:dirt":2,"tombstone:bag_of_seeds":1,"minecraft:diorite":1,"minecraft:mutton":5,"minecraft:rabbit":1,"tombstone:grave_dust":2,"minecraft:iron_leggings":2,"farmersdelight:onion":9,"minecraft:gold_nugget":8,"minecraft:bone_meal":1,"minecraft:dark_oak_planks":5,"minecraft:dandelion":3,"minecraft:sugar_cane":2,"alexsmobs:gazelle_horn":2,"dynamictrees:oak_seed":4,"minecraft:detector_rail":1,"minecraft:cobbled_deepslate":1,"minecraft:wheat":1,"minecraft:soul_lantern":1,"farmersdelight:cabbage_seeds":7,"minecraft:rotten_flesh":1,"minecraft:chicken":8,"minecraft:iron_boots":1,"minecraft:light_gray_wool":1,"minecraft:cooked_mutton":1,"evilcraft:flesh_humanoid":1,"minecraft:mangrove_sign":3,"minecraft:poppy":5,"minecraft:potato":2,"minecraft:iron_chestplate":1,"mysticalagriculture:inferium_essence":1,"minecraft:beetroot_seeds":8,"minecraft:melon_seeds":4,"minecraft:oak_sapling":6,"minecraft:acacia_sapling":2,"minecraft:arrow":2,"farmersdelight:tomato":2,"minecraft:egg":2},"minecraft:used":{"quark:indigo_corundum":1,"minecraft:stripped_jungle_wood":1,"minecraft:iron_chestplate":1,"minecraft:torch":1,"minecraft:dirt":8,"scalinghealth:heart_crystal":10,"minecraft:wheat":3,"minecraft:yellow_carpet":1,"minecraft:iron_hoe":37,"minecraft:dark_oak_planks":23,"minecraft:lantern":1,"minecraft:iron_helmet":1,"minecraft:iron_boots":1,"scalinghealth:power_crystal":1,"minecraft:melon_seeds":1,"minecraft:item_frame":6,"minecraft:hay_block":1,"tombstone:gift":2,"minecraft:acacia_fence":1,"grimoireofgaia:meat":1,"minecraft:iron_leggings":1,"minecraft:wheat_seeds":16,"minecraft:diorite":1,"minecraft:oak_planks":85,"minecraft:diamond_axe":101,"minecraft:orange_carpet":1,"minecraft:red_bed":1,"werewolves:wolfsbane":3,"minecraft:flower_pot":1,"minecraft:acacia_stairs":2,"minecraft:diamond_pickaxe":108,"minecraft:diamond_shovel":132,"born_in_chaos_v1:black_argillite_column":1,"minecraft:bread":45,"minecraft:map":1,"minecraft:spruce_trapdoor":1,"minecraft:gravel":8,"minecraft:diamond_sword":600,"minecraft:cobblestone":38,"minecraft:cooked_porkchop":1,"minecraft:golden_pickaxe":16,"minecraft:candle":1,"minecraft:experience_bottle":12},"minecraft:broken":{"minecraft:iron_boots":2,"vampirism:armor_of_swiftness_head_ultimate":1,"minecraft:iron_chestplate":1,"minecraft:golden_pickaxe":1},"minecraft:custom":{"minecraft:interact_with_smithing_table":1,"minecraft:mob_kills":148,"minecraft:interact_with_crafting_table":1,"minecraft:open_barrel":6,"minecraft:bell_ring":2,"minecraft:damage_dealt_resisted":190,"minecraft:leave_game":1,"minecraft:time_since_death":14363,"minecraft:climb_one_cm":17415,"minecraft:damage_resisted":1233,"minecraft:sprint_one_cm":474373,"minecraft:walk_one_cm":274175,"minecraft:drop":58,"minecraft:talked_to_villager":7,"minecraft:play_time":155630,"minecraft:deaths":9,"minecraft:sneak_time":2020,"minecraft:walk_under_water_one_cm":14428,"minecraft:jump":4525,"minecraft:walk_on_water_one_cm":20673,"minecraft:total_world_time":155630,"minecraft:interact_with_furnace":4,"minecraft:interact_with_loom":1,"minecraft:pot_flower":1,"minecraft:sleep_in_bed":1,"minecraft:time_since_rest":13994,"minecraft:damage_taken":19440,"minecraft:damage_dealt":35543,"minecraft:swim_one_cm":84734,"minecraft:fly_one_cm":744639,"minecraft:open_chest":48,"minecraft:crouch_one_cm":2401,"tombstone:undead_killed":2,"minecraft:fall_one_cm":137702}},"DataVersion":3120}