{"stats":{"minecraft:crafted":{"tconstruct:pattern":1,"minecraft:oak_planks":136,"sophisticatedbackpacks:backpack":1,"minecraft:crafting_table":3,"minecraft:furnace":1,"minecraft:stone":11,"minecraft:birch_planks":5,"minecraft:oak_wood":3,"minecraft:air":37,"minecraft:blue_dye":2,"minecraft:yellow_dye":5,"tconstruct:crafting_station":1,"quark:oak_chest":14,"minecraft:stick":5,"minecraft:light_gray_dye":1},"minecraft:picked_up":{"minecraft:birch_log":22,"minecraft:iron_chestplate":1,"minecraft:feather":2,"vampirism:item_tent":2,"minecraft:glow_ink_sac":5,"minecraft:jungle_log":74,"minecraft:leather":1,"minecraft:flint":3,"minecraft:oak_log":38,"minecraft:stripped_birch_log":2,"minecraft:string":4,"minecraft:cornflower":3,"minecraft:dirt":136,"minecraft:lantern":3,"minecraft:white_banner":1,"minecraft:iron_axe":1,"thermal:raw_nickel":5,"minecraft:iron_leggings":1,"butchersdelight:deadchiken":1,"minecraft:iron_shovel":1,"minecraft:wheat_seeds":4,"minecraft:red_sand":70,"dynamictrees:birch_seed":4,"dynamictrees:oak_seed":3,"minecraft:iron_pickaxe":1,"minecraft:bamboo":10,"minecraft:iron_sword":1,"minecraft:oak_planks":64,"minecraft:iron_boots":1,"minecraft:furnace":1,"thermal:raw_tin":8,"minecraft:stick":169,"minecraft:stone":4,"minecraft:pumpkin":7,"mysticalagriculture:prosperity_shard":4,"minecraft:torch":5,"minecraft:dandelion":5,"minecraft:dripstone_block":10,"minecraft:gravel":17,"werewolves:wolfsbane":1,"minecraft:pointed_dripstone":19,"minecraft:redstone":1,"quark:oak_chest":4,"minecraft:light_gray_terracotta":40,"immersiveengineering:seed":7,"dynamictrees:jungle_seed":7,"minecraft:iron_helmet":1,"minecraft:granite":19,"minecraft:bread":137,"alexsmobs:maggot":2,"minecraft:white_terracotta":60,"minecraft:terracotta":17,"minecraft:obsidian":1,"minecraft:coal":14,"minecraft:cobblestone":169,"minecraft:oxeye_daisy":1},"minecraft:killed":{"alexsmobs:roadrunner":1,"alexsmobs:fly":1,"minecraft:glow_squid":2},"minecraft:mined":{"quark:oak_chest":4,"minecraft:stripped_birch_log":2,"minecraft:dandelion":7,"vampirism:tent_main":2,"thermal:tin_ore":8,"minecraft:cornflower":3,"minecraft:light_gray_terracotta":41,"minecraft:granite":20,"minecraft:red_sand":76,"minecraft:grass_block":117,"minecraft:dead_bush":1,"minecraft:cobblestone":2,"minecraft:tall_grass":4,"minecraft:oxeye_daisy":2,"minecraft:wall_torch":1,"minecraft:white_terracotta":30,"minecraft:furnace":1,"dynamictrees:jungle_root":2,"minecraft:pumpkin":7,"minecraft:white_wall_banner":1,"minecraft:grass":41,"minecraft:pointed_dripstone":8,"minecraft:coal_ore":13,"minecraft:lantern":2,"minecraft:gravel":20,"minecraft:dripstone_block":10,"minecraft:dirt":29,"thermal:nickel_ore":5,"minecraft:cobweb":4,"mysticalagriculture:deepslate_prosperity_ore":1,"minecraft:terracotta":18,"minecraft:bamboo":1,"minecraft:stone":53,"minecraft:fern":3},"minecraft:dropped":{"minecraft:gravel":17,"minecraft:bread":64,"minecraft:wheat_seeds":1,"dynamictrees:oak_seed":3,"dynamictrees:birch_seed":4,"minecraft:light_gray_terracotta":40,"minecraft:pointed_dripstone":5,"minecraft:rotten_flesh":7,"minecraft:lantern":1,"minecraft:leather":1,"minecraft:granite":19,"minecraft:white_terracotta":60,"minecraft:stick":64,"minecraft:dirt":8,"minecraft:jungle_log":64,"minecraft:stripped_birch_log":1,"minecraft:bone_meal":4,"minecraft:red_sand":5,"minecraft:bone":16,"minecraft:redstone":1},"minecraft:used":{"minecraft:red_sand":1,"minecraft:iron_shovel":261,"minecraft:iron_sword":9,"minecraft:torch":4,"minecraft:dirt":6,"minecraft:crafting_table":3,"minecraft:oak_wood":1,"vampirism:item_tent":2,"minecraft:cornflower":1,"minecraft:lantern":2,"minecraft:iron_axe":57,"minecraft:iron_pickaxe":214,"minecraft:cobblestone":27,"minecraft:furnace":2,"tconstruct:crafting_station":1,"minecraft:birch_log":2,"tombstone:gift":1,"alexsmobs:animal_dictionary":2,"quark:oak_chest":16,"minecraft:cobweb":4},"minecraft:custom":{"minecraft:interact_with_furnace":6,"minecraft:mob_kills":4,"minecraft:interact_with_crafting_table":9,"minecraft:open_barrel":1,"minecraft:leave_game":1,"minecraft:time_since_death":5251,"minecraft:climb_one_cm":1359,"minecraft:time_since_rest":2852,"minecraft:sprint_one_cm":187644,"minecraft:damage_taken":750,"minecraft:walk_one_cm":142691,"minecraft:drop":22,"minecraft:damage_dealt":868,"minecraft:swim_one_cm":57373,"minecraft:fly_one_cm":248233,"minecraft:open_chest":26,"minecraft:crouch_one_cm":2688,"minecraft:play_time":83038,"minecraft:deaths":1,"minecraft:sneak_time":919,"minecraft:walk_under_water_one_cm":7419,"minecraft:jump":1258,"minecraft:walk_on_water_one_cm":15996,"minecraft:total_world_time":83038,"minecraft:fall_one_cm":35353}},"DataVersion":3120}