{"stats":{"minecraft:crafted":{"minecraft:crafting_table":1,"minecraft:furnace":1,"minecraft:stone":11,"minecraft:oak_wood":3,"minecraft:air":1,"minecraft:stick":4},"minecraft:picked_up":{"minecraft:birch_log":22,"minecraft:iron_chestplate":1,"minecraft:feather":2,"vampirism:item_tent":1,"minecraft:jungle_log":74,"minecraft:oak_log":38,"minecraft:white_banner":1,"minecraft:lantern":2,"minecraft:iron_axe":1,"minecraft:iron_leggings":1,"butchersdelight:deadchiken":1,"minecraft:iron_shovel":1,"minecraft:wheat_seeds":1,"minecraft:red_sand":70,"dynamictrees:birch_seed":4,"dynamictrees:oak_seed":3,"minecraft:iron_pickaxe":1,"minecraft:bamboo":10,"minecraft:iron_sword":1,"minecraft:oak_planks":64,"minecraft:iron_boots":1,"minecraft:furnace":1,"minecraft:stick":169,"minecraft:stone":4,"minecraft:pumpkin":7,"minecraft:dripstone_block":10,"werewolves:wolfsbane":1,"minecraft:pointed_dripstone":17,"minecraft:redstone":1,"minecraft:light_gray_terracotta":40,"immersiveengineering:seed":1,"dynamictrees:jungle_seed":7,"minecraft:iron_helmet":1,"minecraft:bread":64,"alexsmobs:maggot":2,"minecraft:white_terracotta":60,"minecraft:terracotta":17,"minecraft:obsidian":1,"minecraft:coal":9,"minecraft:cobblestone":127},"minecraft:killed":{"alexsmobs:roadrunner":1,"alexsmobs:fly":1},"minecraft:mined":{"vampirism:tent_main":1,"minecraft:light_gray_terracotta":41,"minecraft:red_sand":76,"minecraft:grass_block":2,"minecraft:dead_bush":1,"minecraft:tall_grass":1,"minecraft:white_terracotta":30,"minecraft:furnace":1,"dynamictrees:jungle_root":2,"minecraft:pumpkin":7,"minecraft:white_wall_banner":1,"minecraft:grass":11,"minecraft:pointed_dripstone":7,"minecraft:coal_ore":9,"minecraft:lantern":2,"minecraft:dripstone_block":10,"minecraft:terracotta":18,"minecraft:bamboo":1,"minecraft:stone":16,"minecraft:fern":3},"minecraft:dropped":{"minecraft:wheat_seeds":1,"dynamictrees:oak_seed":3,"dynamictrees:birch_seed":4,"minecraft:light_gray_terracotta":40,"minecraft:pointed_dripstone":5,"minecraft:rotten_flesh":7,"minecraft:lantern":1,"minecraft:white_terracotta":60,"minecraft:stick":64,"minecraft:jungle_log":64,"minecraft:bone_meal":4,"minecraft:red_sand":5,"minecraft:bone":16},"minecraft:used":{"minecraft:red_sand":1,"minecraft:iron_shovel":80,"minecraft:crafting_table":1,"minecraft:oak_wood":1,"minecraft:iron_axe":42,"minecraft:iron_pickaxe":135,"minecraft:cobblestone":3,"minecraft:furnace":2,"alexsmobs:animal_dictionary":2},"minecraft:custom":{"minecraft:interact_with_furnace":6,"minecraft:mob_kills":2,"minecraft:interact_with_crafting_table":4,"minecraft:open_barrel":1,"minecraft:time_since_death":42401,"minecraft:climb_one_cm":948,"minecraft:time_since_rest":42401,"minecraft:sprint_one_cm":112158,"minecraft:damage_taken":30,"minecraft:walk_one_cm":81443,"minecraft:drop":14,"minecraft:damage_dealt":318,"minecraft:swim_one_cm":7631,"minecraft:fly_one_cm":97994,"minecraft:open_chest":1,"minecraft:crouch_one_cm":946,"minecraft:play_time":42401,"minecraft:sneak_time":388,"minecraft:walk_under_water_one_cm":553,"minecraft:jump":572,"minecraft:walk_on_water_one_cm":5322,"minecraft:total_world_time":42401,"minecraft:fall_one_cm":10404}},"DataVersion":3120}