{"stats":{"minecraft:crafted":{"minecraft:crafting_table":1,"minecraft:stick":4,"minecraft:furnace":1,"minecraft:stone":11,"minecraft:air":1},"minecraft:picked_up":{"minecraft:birch_log":22,"minecraft:stick":166,"minecraft:iron_chestplate":1,"minecraft:stone":4,"minecraft:pumpkin":7,"minecraft:jungle_log":74,"minecraft:dripstone_block":10,"minecraft:oak_log":38,"minecraft:pointed_dripstone":17,"minecraft:iron_axe":1,"minecraft:iron_leggings":1,"minecraft:light_gray_terracotta":40,"minecraft:iron_shovel":1,"immersiveengineering:seed":1,"minecraft:wheat_seeds":1,"dynamictrees:jungle_seed":7,"minecraft:iron_helmet":1,"dynamictrees:birch_seed":4,"minecraft:terracotta":17,"minecraft:iron_pickaxe":1,"minecraft:bread":64,"dynamictrees:oak_seed":3,"minecraft:white_terracotta":60,"alexsmobs:maggot":2,"minecraft:bamboo":10,"minecraft:oak_planks":64,"minecraft:iron_sword":1,"minecraft:coal":9,"minecraft:cobblestone":127,"minecraft:iron_boots":1,"minecraft:furnace":1},"minecraft:killed":{"alexsmobs:fly":1},"minecraft:mined":{"minecraft:white_terracotta":30,"minecraft:furnace":1,"dynamictrees:jungle_root":2,"minecraft:pumpkin":7,"minecraft:light_gray_terracotta":41,"minecraft:grass":10,"minecraft:pointed_dripstone":7,"minecraft:coal_ore":9,"minecraft:dripstone_block":10,"minecraft:stone":16,"minecraft:bamboo":1,"minecraft:terracotta":18,"minecraft:fern":3},"minecraft:dropped":{"minecraft:pointed_dripstone":5,"minecraft:white_terracotta":60,"minecraft:stick":64},"minecraft:used":{"minecraft:iron_axe":36,"minecraft:iron_pickaxe":132,"minecraft:crafting_table":1,"minecraft:furnace":1,"alexsmobs:animal_dictionary":1},"minecraft:custom":{"minecraft:time_since_rest":30401,"minecraft:interact_with_furnace":5,"minecraft:sprint_one_cm":67428,"minecraft:damage_taken":30,"minecraft:walk_one_cm":43177,"minecraft:mob_kills":1,"minecraft:drop":4,"minecraft:damage_dealt":21,"minecraft:swim_one_cm":849,"minecraft:interact_with_crafting_table":4,"minecraft:fly_one_cm":58091,"minecraft:crouch_one_cm":494,"minecraft:play_time":30401,"minecraft:sneak_time":218,"minecraft:walk_under_water_one_cm":389,"minecraft:jump":349,"minecraft:climb_one_cm":200,"minecraft:time_since_death":30401,"minecraft:walk_on_water_one_cm":3268,"minecraft:total_world_time":30401,"minecraft:fall_one_cm":5986}},"DataVersion":3120}