{"stats":{"minecraft:crafted":{"minecraft:oak_planks":136,"minecraft:crafting_table":3,"minecraft:furnace":1,"minecraft:stone":11,"minecraft:oak_wood":3,"minecraft:air":2,"quark:oak_chest":14,"minecraft:stick":4},"minecraft:picked_up":{"minecraft:birch_log":22,"minecraft:iron_chestplate":1,"minecraft:feather":2,"vampirism:item_tent":2,"minecraft:jungle_log":74,"minecraft:oak_log":38,"minecraft:cornflower":1,"minecraft:dirt":44,"minecraft:lantern":2,"minecraft:white_banner":1,"minecraft:iron_axe":1,"minecraft:iron_leggings":1,"butchersdelight:deadchiken":1,"minecraft:iron_shovel":1,"minecraft:wheat_seeds":1,"minecraft:red_sand":70,"dynamictrees:birch_seed":4,"dynamictrees:oak_seed":3,"minecraft:iron_pickaxe":1,"minecraft:bamboo":10,"minecraft:iron_sword":1,"minecraft:oak_planks":64,"minecraft:iron_boots":1,"minecraft:furnace":1,"minecraft:stick":169,"minecraft:stone":4,"minecraft:pumpkin":7,"minecraft:dandelion":1,"minecraft:dripstone_block":10,"werewolves:wolfsbane":1,"minecraft:pointed_dripstone":17,"minecraft:redstone":1,"quark:oak_chest":2,"minecraft:light_gray_terracotta":40,"immersiveengineering:seed":3,"dynamictrees:jungle_seed":7,"minecraft:iron_helmet":1,"minecraft:bread":128,"alexsmobs:maggot":2,"minecraft:white_terracotta":60,"minecraft:terracotta":17,"minecraft:obsidian":1,"minecraft:coal":14,"minecraft:cobblestone":132},"minecraft:killed":{"alexsmobs:roadrunner":1,"alexsmobs:fly":1},"minecraft:mined":{"quark:oak_chest":2,"minecraft:dandelion":3,"vampirism:tent_main":2,"minecraft:cornflower":1,"minecraft:light_gray_terracotta":41,"minecraft:red_sand":76,"minecraft:grass_block":41,"minecraft:dead_bush":1,"minecraft:tall_grass":1,"minecraft:white_terracotta":30,"minecraft:furnace":1,"dynamictrees:jungle_root":2,"minecraft:pumpkin":7,"minecraft:white_wall_banner":1,"minecraft:grass":23,"minecraft:pointed_dripstone":7,"minecraft:coal_ore":13,"minecraft:lantern":2,"minecraft:dripstone_block":10,"minecraft:dirt":8,"minecraft:terracotta":18,"minecraft:bamboo":1,"minecraft:stone":17,"minecraft:fern":3},"minecraft:dropped":{"minecraft:bread":64,"minecraft:wheat_seeds":1,"dynamictrees:oak_seed":3,"dynamictrees:birch_seed":4,"minecraft:light_gray_terracotta":40,"minecraft:pointed_dripstone":5,"minecraft:rotten_flesh":7,"minecraft:lantern":1,"minecraft:white_terracotta":60,"minecraft:stick":64,"minecraft:jungle_log":64,"minecraft:bone_meal":4,"minecraft:red_sand":5,"minecraft:bone":16,"minecraft:redstone":1},"minecraft:used":{"minecraft:red_sand":1,"minecraft:iron_shovel":131,"minecraft:crafting_table":3,"minecraft:oak_wood":1,"vampirism:item_tent":2,"minecraft:cornflower":1,"minecraft:iron_axe":51,"minecraft:iron_pickaxe":140,"minecraft:cobblestone":25,"minecraft:furnace":2,"alexsmobs:animal_dictionary":2,"quark:oak_chest":12},"minecraft:custom":{"minecraft:interact_with_furnace":6,"minecraft:mob_kills":2,"minecraft:interact_with_crafting_table":6,"minecraft:open_barrel":1,"minecraft:leave_game":1,"minecraft:time_since_death":59038,"minecraft:climb_one_cm":1359,"minecraft:time_since_rest":59038,"minecraft:sprint_one_cm":153402,"minecraft:damage_taken":500,"minecraft:walk_one_cm":103989,"minecraft:drop":16,"minecraft:damage_dealt":585,"minecraft:swim_one_cm":11537,"minecraft:fly_one_cm":192226,"minecraft:open_chest":6,"minecraft:crouch_one_cm":1941,"minecraft:play_time":59038,"minecraft:sneak_time":677,"minecraft:walk_under_water_one_cm":1225,"minecraft:jump":1019,"minecraft:walk_on_water_one_cm":6986,"minecraft:total_world_time":59038,"minecraft:fall_one_cm":29715}},"DataVersion":3120}