{"stats":{"minecraft:killed_by":{"grimoireofgaia:arachne":1,"thermal:blitz":1},"minecraft:crafted":{"tconstruct:pattern":1,"minecraft:oak_planks":136,"minecraft:furnace":1,"minecraft:stone":11,"minecraft:stone_pickaxe":1,"sophisticatedbackpacks:backpack":1,"minecraft:crafting_table":4,"minecraft:oak_wood":3,"minecraft:birch_planks":5,"minecraft:air":53,"minecraft:blue_dye":2,"minecraft:yellow_dye":5,"tconstruct:crafting_station":1,"minecraft:stick":6,"quark:oak_chest":14,"minecraft:light_gray_dye":1,"minecraft:torch":3},"minecraft:picked_up":{"minecraft:charcoal":2,"minecraft:iron_chestplate":1,"minecraft:smithing_table":1,"minecraft:cornflower":3,"minecraft:string":4,"minecraft:red_bed":1,"minecraft:iron_axe":1,"minecraft:cooked_salmon":12,"minecraft:iron_leggings":1,"thermal:raw_nickel":5,"minecraft:iron_shovel":1,"mysticalagriculture:inferium_essence":7,"minecraft:red_sand":70,"minecraft:gold_nugget":1,"minecraft:cobbled_deepslate":12,"dynamictrees:oak_seed":3,"minecraft:iron_pickaxe":2,"minecraft:iron_boots":1,"minecraft:furnace":2,"minecraft:stick":169,"minecraft:raw_iron":2,"minecraft:stone":4,"minecraft:torch":6,"mysticalagriculture:prosperity_shard":4,"artifacts:vampiric_glove":1,"werewolves:wolfsbane":1,"minecraft:pointed_dripstone":19,"minecraft:redstone":3,"minecraft:cactus":4,"minecraft:rotten_flesh":1,"minecraft:white_terracotta":60,"minecraft:obsidian":1,"minecraft:cobblestone":172,"minecraft:oxeye_daisy":1,"minecraft:birch_log":22,"minecraft:feather":2,"vampirism:item_tent":2,"minecraft:glow_ink_sac":12,"minecraft:jungle_log":74,"minecraft:leather":1,"minecraft:flint":3,"minecraft:oak_log":38,"scalinghealth:heart_crystal":1,"minecraft:dirt":136,"minecraft:stripped_birch_log":2,"minecraft:lantern":3,"minecraft:white_banner":1,"butchersdelight:deadchiken":1,"minecraft:wheat_seeds":4,"minecraft:raw_gold":3,"dynamictrees:birch_seed":4,"minecraft:fletching_table":1,"minecraft:bamboo":10,"minecraft:oak_planks":64,"minecraft:iron_sword":1,"thermal:raw_tin":8,"immersiveengineering:raw_uranium":9,"minecraft:pumpkin":7,"born_in_chaos_v1:ethereal_spirit":1,"minecraft:dandelion":5,"minecraft:dripstone_block":10,"minecraft:gravel":17,"minecraft:blast_furnace":1,"quark:oak_chest":4,"minecraft:light_gray_terracotta":40,"immersiveengineering:seed":7,"minecraft:diamond":4,"minecraft:iron_helmet":1,"dynamictrees:jungle_seed":7,"evilcraft:dark_gem":18,"minecraft:granite":19,"minecraft:bread":137,"minecraft:terracotta":17,"alexsmobs:maggot":2,"minecraft:coal":14,"immersiveengineering:raw_silver":3},"minecraft:mined":{"minecraft:deepslate_diamond_ore":4,"minecraft:stripped_birch_log":2,"thermal:tin_ore":8,"minecraft:granite":20,"minecraft:red_sand":76,"minecraft:grass_block":117,"minecraft:oxeye_daisy":2,"immersiveengineering:deepslate_ore_uranium":9,"minecraft:furnace":2,"dynamictrees:jungle_root":2,"immersiveengineering:deepslate_ore_silver":3,"minecraft:pumpkin":7,"minecraft:fletching_table":1,"minecraft:pointed_dripstone":8,"minecraft:deepslate_iron_ore":2,"minecraft:lantern":2,"minecraft:bamboo":1,"minecraft:stone":53,"minecraft:smithing_table":1,"minecraft:red_bed":1,"quark:oak_chest":4,"vampirism:tent_main":2,"minecraft:dandelion":7,"minecraft:torch":1,"minecraft:cornflower":3,"minecraft:light_gray_terracotta":41,"minecraft:blast_furnace":1,"minecraft:dead_bush":1,"minecraft:campfire":1,"minecraft:tall_grass":4,"minecraft:cobblestone":5,"minecraft:deepslate_gold_ore":3,"minecraft:wall_torch":1,"minecraft:white_terracotta":30,"evilcraft:dark_ore_deepslate":4,"minecraft:white_wall_banner":1,"minecraft:grass":41,"minecraft:coal_ore":13,"minecraft:gravel":20,"minecraft:dripstone_block":10,"minecraft:dirt":29,"minecraft:cobweb":4,"thermal:nickel_ore":5,"mysticalagriculture:deepslate_prosperity_ore":1,"minecraft:terracotta":18,"mysticalagriculture:deepslate_inferium_ore":2,"minecraft:fern":3,"minecraft:deepslate":6},"minecraft:killed":{"vampirism:vampire":1,"born_in_chaos_v1:restless_spirit":1,"hmag:zombie_girl":1,"artifacts:mimic":1,"grimoireofgaia:bone_knight":1,"minecraft:zombie":1,"alexsmobs:roadrunner":1,"alexsmobs:fly":1,"minecraft:glow_squid":2},"minecraft:dropped":{"minecraft:bread":64,"minecraft:wheat_seeds":1,"minecraft:glow_ink_sac":1,"dynamictrees:birch_seed":4,"minecraft:lantern":1,"minecraft:leather":1,"minecraft:granite":19,"minecraft:stick":64,"minecraft:dirt":8,"minecraft:torch":3,"minecraft:stripped_birch_log":1,"minecraft:bone_meal":4,"minecraft:iron_pickaxe":1,"minecraft:bone":16,"minecraft:redstone":1,"minecraft:gravel":17,"dynamictrees:oak_seed":3,"minecraft:light_gray_terracotta":40,"minecraft:pointed_dripstone":5,"minecraft:rotten_flesh":7,"minecraft:white_terracotta":60,"minecraft:jungle_log":64,"minecraft:red_sand":5},"minecraft:used":{"minecraft:red_sand":1,"minecraft:iron_shovel":261,"minecraft:iron_sword":70,"minecraft:cooked_salmon":9,"minecraft:torch":15,"minecraft:dirt":6,"scalinghealth:heart_crystal":1,"minecraft:oak_wood":1,"vampirism:item_tent":2,"minecraft:lantern":2,"minecraft:iron_axe":67,"minecraft:furnace":2,"tombstone:gift":1,"minecraft:stone_pickaxe":6,"minecraft:crafting_table":4,"minecraft:cornflower":1,"minecraft:iron_pickaxe":247,"minecraft:cobblestone":66,"tconstruct:crafting_station":1,"minecraft:birch_log":2,"quark:oak_chest":16,"alexsmobs:animal_dictionary":2,"minecraft:cobweb":4},"minecraft:custom":{"minecraft:interact_with_smithing_table":2,"minecraft:mob_kills":11,"minecraft:interact_with_crafting_table":10,"minecraft:open_barrel":7,"minecraft:interact_with_campfire":12,"minecraft:leave_game":2,"minecraft:time_since_death":1105,"minecraft:climb_one_cm":1359,"minecraft:sprint_one_cm":280894,"minecraft:walk_one_cm":205467,"minecraft:drop":27,"minecraft:play_time":112809,"minecraft:deaths":3,"minecraft:sneak_time":1371,"minecraft:walk_under_water_one_cm":19613,"minecraft:jump":2077,"minecraft:interact_with_blast_furnace":1,"minecraft:walk_on_water_one_cm":44223,"minecraft:total_world_time":112809,"minecraft:interact_with_furnace":6,"minecraft:time_since_rest":1,"minecraft:damage_taken":2504,"minecraft:damage_dealt":4254,"minecraft:swim_one_cm":78094,"minecraft:fly_one_cm":423474,"minecraft:open_chest":28,"minecraft:crouch_one_cm":3802,"tombstone:undead_killed":3,"minecraft:fall_one_cm":57494}},"DataVersion":3120}