{"stats":{"minecraft:picked_up":{"minecraft:birch_log":22,"minecraft:stick":102,"minecraft:iron_chestplate":1,"minecraft:pumpkin":7,"minecraft:jungle_log":74,"minecraft:oak_log":38,"minecraft:iron_axe":1,"minecraft:iron_leggings":1,"minecraft:light_gray_terracotta":40,"minecraft:iron_shovel":1,"immersiveengineering:seed":1,"minecraft:wheat_seeds":1,"dynamictrees:jungle_seed":7,"minecraft:iron_helmet":1,"dynamictrees:birch_seed":4,"minecraft:terracotta":17,"minecraft:iron_pickaxe":1,"minecraft:bread":64,"dynamictrees:oak_seed":3,"minecraft:white_terracotta":30,"alexsmobs:maggot":2,"minecraft:bamboo":10,"minecraft:oak_planks":64,"minecraft:iron_sword":1,"minecraft:cobblestone":64,"minecraft:iron_boots":1},"minecraft:killed":{"alexsmobs:fly":1},"minecraft:mined":{"minecraft:white_terracotta":30,"dynamictrees:jungle_root":2,"minecraft:pumpkin":7,"minecraft:light_gray_terracotta":41,"minecraft:grass":10,"minecraft:bamboo":1,"minecraft:terracotta":18,"minecraft:fern":3},"minecraft:used":{"minecraft:iron_axe":36,"minecraft:iron_pickaxe":89,"alexsmobs:animal_dictionary":1},"minecraft:custom":{"minecraft:time_since_rest":18401,"minecraft:sprint_one_cm":50494,"minecraft:walk_one_cm":33080,"minecraft:mob_kills":1,"minecraft:damage_dealt":21,"minecraft:swim_one_cm":849,"minecraft:fly_one_cm":41563,"minecraft:crouch_one_cm":494,"minecraft:play_time":18401,"minecraft:sneak_time":218,"minecraft:walk_under_water_one_cm":389,"minecraft:jump":226,"minecraft:time_since_death":18401,"minecraft:walk_on_water_one_cm":2070,"minecraft:total_world_time":18401,"minecraft:fall_one_cm":3044}},"DataVersion":3120}