{"stats":{"minecraft:picked_up":{"minecraft:iron_helmet":1,"minecraft:iron_chestplate":1,"minecraft:iron_leggings":1,"minecraft:iron_shovel":1,"minecraft:bread":64,"minecraft:iron_pickaxe":1,"minecraft:oak_planks":64,"minecraft:iron_sword":1,"minecraft:cobblestone":64,"minecraft:iron_boots":1,"minecraft:iron_axe":1},"minecraft:custom":{"minecraft:jump":10,"minecraft:time_since_rest":6401,"minecraft:crouch_one_cm":17,"minecraft:sprint_one_cm":440,"minecraft:play_time":6401,"minecraft:time_since_death":6401,"minecraft:walk_one_cm":1810,"minecraft:sneak_time":13,"minecraft:total_world_time":6401}},"DataVersion":3120}